report_date_as_yyyy_mm_dd,market_and_exchange_names,noncomm_positions_long_all,noncomm_positions_short_all,comm_positions_long_all,comm_positions_short_all,open_interest_all,date,spec_net,comm_net
2010-01-05T00:00:00.000,SILVER - COMMODITY EXCHANGE INC.,44312,4813,26098,83488,125391,2010-01-05,39499,-57390
2010-01-12T00:00:00.000,SILVER - COMMODITY EXCHANGE INC.,48703,4175,26124,87870,128675,2010-01-12,44528,-61746
2010-01-19T00:00:00.000,SILVER - COMMODITY EXCHANGE INC.,49357,5056,26749,88439,131385,2010-01-19,44301,-61690
2010-01-26T00:00:00.000,SILVER - COMMODITY EXCHANGE INC.,41473,4404,29036,83747,124895,2010-01-26,37069,-54711
2010-02-02T00:00:00.000,SILVER - COMMODITY EXCHANGE INC.,36924,6047,32572,79135,122261,2010-02-02,30877,-46563
2010-02-09T00:00:00.000,SILVER - COMMODITY EXCHANGE INC.,32438,9073,34830,72630,118593,2010-02-09,23365,-37800
2010-02-16T00:00:00.000,SILVER - COMMODITY EXCHANGE INC.,34615,9237,35553,73779,120166,2010-02-16,25378,-38226
2010-02-23T00:00:00.000,SILVER - COMMODITY EXCHANGE INC.,35495,7679,36528,76298,117376,2010-02-23,27816,-39770
2010-03-02T00:00:00.000,SILVER - COMMODITY EXCHANGE INC.,36721,5663,31034,71974,108248,2010-03-02,31058,-40940
2010-03-09T00:00:00.000,SILVER - COMMODITY EXCHANGE INC.,40051,4886,29220,75019,112130,2010-03-09,35165,-45799
2010-03-16T00:00:00.000,SILVER - COMMODITY EXCHANGE INC.,40126,5270,29779,77787,114192,2010-03-16,34856,-48008
2010-03-23T00:00:00.000,SILVER - COMMODITY EXCHANGE INC.,38105,5804,29886,75584,112520,2010-03-23,32301,-45698
2010-03-30T00:00:00.000,SILVER - COMMODITY EXCHANGE INC.,38734,5753,31259,77576,113405,2010-03-30,32981,-46317
2010-04-06T00:00:00.000,SILVER - COMMODITY EXCHANGE INC.,44052,6529,29839,81525,118712,2010-04-06,37523,-51686
2010-04-13T00:00:00.000,SILVER - COMMODITY EXCHANGE INC.,47495,7890,30927,86316,123661,2010-04-13,39605,-55389
2010-04-20T00:00:00.000,SILVER - COMMODITY EXCHANGE INC.,46960,8098,32605,86922,126679,2010-04-20,38862,-54317
2010-04-27T00:00:00.000,SILVER - COMMODITY EXCHANGE INC.,48462,7895,29762,86183,124157,2010-04-27,40567,-56421
2010-05-04T00:00:00.000,SILVER - COMMODITY EXCHANGE INC.,47287,8627,32069,87457,123448,2010-05-04,38660,-55388
2010-05-11T00:00:00.000,SILVER - COMMODITY EXCHANGE INC.,47848,10258,30697,83215,122669,2010-05-11,37590,-52518
2010-05-18T00:00:00.000,SILVER - COMMODITY EXCHANGE INC.,51664,8874,30235,89453,125228,2010-05-18,42790,-59218
2010-05-25T00:00:00.000,SILVER - COMMODITY EXCHANGE INC.,42146,7314,31781,83230,120120,2010-05-25,34832,-51449
2010-06-01T00:00:00.000,SILVER - COMMODITY EXCHANGE INC.,41797,5912,33716,85671,122368,2010-06-01,35885,-51955
2010-06-08T00:00:00.000,SILVER - COMMODITY EXCHANGE INC.,40478,5475,33856,85900,122536,2010-06-08,35003,-52044
2010-06-15T00:00:00.000,SILVER - COMMODITY EXCHANGE INC.,43464,5948,34328,88109,131070,2010-06-15,37516,-53781
2010-06-22T00:00:00.000,SILVER - COMMODITY EXCHANGE INC.,46666,6615,35668,91244,139019,2010-06-22,40051,-55576
2010-06-29T00:00:00.000,SILVER - COMMODITY EXCHANGE INC.,47455,5545,30402,88911,128065,2010-06-29,41910,-58509
2010-07-06T00:00:00.000,SILVER - COMMODITY EXCHANGE INC.,39876,4832,29776,82143,118962,2010-07-06,35044,-52367
2010-07-13T00:00:00.000,SILVER - COMMODITY EXCHANGE INC.,39176,3994,30751,81965,117959,2010-07-13,35182,-51214
2010-07-20T00:00:00.000,SILVER - COMMODITY EXCHANGE INC.,37827,6193,31904,79864,117531,2010-07-20,31634,-47960
2010-07-27T00:00:00.000,SILVER - COMMODITY EXCHANGE INC.,38480,8143,32835,79603,117370,2010-07-27,30337,-46768
2010-08-03T00:00:00.000,SILVER - COMMODITY EXCHANGE INC.,43185,6730,31537,84080,123464,2010-08-03,36455,-52543
2010-08-10T00:00:00.000,SILVER - COMMODITY EXCHANGE INC.,42597,6863,31676,84429,123370,2010-08-10,35734,-52753
2010-08-17T00:00:00.000,SILVER - COMMODITY EXCHANGE INC.,43251,7679,33949,87693,128848,2010-08-17,35572,-53744
2010-08-24T00:00:00.000,SILVER - COMMODITY EXCHANGE INC.,42255,7448,31306,82158,124185,2010-08-24,34807,-50852
2010-08-31T00:00:00.000,SILVER - COMMODITY EXCHANGE INC.,54472,9659,27884,87261,130813,2010-08-31,44813,-59377
2010-09-07T00:00:00.000,SILVER - COMMODITY EXCHANGE INC.,59112,11909,28855,90653,139522,2010-09-07,47203,-61798
2010-09-14T00:00:00.000,SILVER - COMMODITY EXCHANGE INC.,60696,11905,29764,94825,144798,2010-09-14,48791,-65061
2010-09-21T00:00:00.000,SILVER - COMMODITY EXCHANGE INC.,62013,12642,28973,94276,146767,2010-09-21,49371,-65303
2010-09-28T00:00:00.000,SILVER - COMMODITY EXCHANGE INC.,66066,14585,29034,94447,154219,2010-09-28,51481,-65413
2010-10-05T00:00:00.000,SILVER - COMMODITY EXCHANGE INC.,63681,15198,30023,92150,156096,2010-10-05,48483,-62127
2010-10-12T00:00:00.000,SILVER - COMMODITY EXCHANGE INC.,59615,14263,29899,91403,153970,2010-10-12,45352,-61504
2010-10-19T00:00:00.000,SILVER - COMMODITY EXCHANGE INC.,56278,12981,28601,86751,151104,2010-10-19,43297,-58150
2010-10-26T00:00:00.000,SILVER - COMMODITY EXCHANGE INC.,53018,12509,30157,88023,152980,2010-10-26,40509,-57866
2010-11-02T00:00:00.000,SILVER - COMMODITY EXCHANGE INC.,52625,12834,31152,87200,158633,2010-11-02,39791,-56048
2010-11-09T00:00:00.000,SILVER - COMMODITY EXCHANGE INC.,46004,13421,33976,84461,156418,2010-11-09,32583,-50485
2010-11-16T00:00:00.000,SILVER - COMMODITY EXCHANGE INC.,40243,12139,37001,82655,146693,2010-11-16,28104,-45654
2010-11-23T00:00:00.000,SILVER - COMMODITY EXCHANGE INC.,40307,9881,37420,84273,147685,2010-11-23,30426,-46853
2010-11-30T00:00:00.000,SILVER - COMMODITY EXCHANGE INC.,40818,6784,29791,79561,133139,2010-11-30,34034,-49770
2010-12-07T00:00:00.000,SILVER - COMMODITY EXCHANGE INC.,42606,9637,29245,78070,137675,2010-12-07,32969,-48825
2010-12-14T00:00:00.000,SILVER - COMMODITY EXCHANGE INC.,39450,9218,28454,76590,130145,2010-12-14,30232,-48136
2010-12-21T00:00:00.000,SILVER - COMMODITY EXCHANGE INC.,39180,8885,30852,77909,133135,2010-12-21,30295,-47057
2010-12-28T00:00:00.000,SILVER - COMMODITY EXCHANGE INC.,41539,9420,30286,81177,137918,2010-12-28,32119,-50891
2011-01-04T00:00:00.000,SILVER - COMMODITY EXCHANGE INC.,40483,10448,29598,79349,136931,2011-01-04,30035,-49751
2011-01-11T00:00:00.000,SILVER - COMMODITY EXCHANGE INC.,38570,9301,30787,77537,136331,2011-01-11,29269,-46750
2011-01-18T00:00:00.000,SILVER - COMMODITY EXCHANGE INC.,40010,10357,30663,76031,135675,2011-01-18,29653,-45368
2011-01-25T00:00:00.000,SILVER - COMMODITY EXCHANGE INC.,38699,10473,29818,72964,125229,2011-01-25,28226,-43146
2011-02-01T00:00:00.000,SILVER - COMMODITY EXCHANGE INC.,37883,7203,31966,76767,125287,2011-02-01,30680,-44801
2011-02-08T00:00:00.000,SILVER - COMMODITY EXCHANGE INC.,44915,7852,31150,82267,135797,2011-02-08,37063,-51117
2011-02-15T00:00:00.000,SILVER - COMMODITY EXCHANGE INC.,50718,9781,34051,89098,147113,2011-02-15,40937,-55047
2011-02-22T00:00:00.000,SILVER - COMMODITY EXCHANGE INC.,50937,11714,31935,89728,145070,2011-02-22,39223,-57793
2011-03-01T00:00:00.000,SILVER - COMMODITY EXCHANGE INC.,49750,11848,31676,88136,135802,2011-03-01,37902,-56460
2011-03-08T00:00:00.000,SILVER - COMMODITY EXCHANGE INC.,50394,11900,30841,86191,133485,2011-03-08,38494,-55350
2011-03-15T00:00:00.000,SILVER - COMMODITY EXCHANGE INC.,47290,12336,31210,84631,134914,2011-03-15,34954,-53421
2011-03-22T00:00:00.000,SILVER - COMMODITY EXCHANGE INC.,47552,10777,31526,86708,135988,2011-03-22,36775,-55182
2011-03-29T00:00:00.000,SILVER - COMMODITY EXCHANGE INC.,47764,10625,32587,87882,138486,2011-03-29,37139,-55295
2011-04-05T00:00:00.000,SILVER - COMMODITY EXCHANGE INC.,48890,12105,33413,89827,143013,2011-04-05,36785,-56414
2011-04-12T00:00:00.000,SILVER - COMMODITY EXCHANGE INC.,46305,13583,34794,86073,144670,2011-04-12,32722,-51279
2011-04-19T00:00:00.000,SILVER - COMMODITY EXCHANGE INC.,48325,14559,34043,86735,144981,2011-04-19,33766,-52692
2011-04-26T00:00:00.000,SILVER - COMMODITY EXCHANGE INC.,43078,18083,35763,78297,143341,2011-04-26,24995,-42534
2011-05-03T00:00:00.000,SILVER - COMMODITY EXCHANGE INC.,42751,19397,30743,73203,131907,2011-05-03,23354,-42460
2011-05-10T00:00:00.000,SILVER - COMMODITY EXCHANGE INC.,34239,10753,33266,74602,123537,2011-05-10,23486,-41336
2011-05-17T00:00:00.000,SILVER - COMMODITY EXCHANGE INC.,30936,13501,36082,70099,120227,2011-05-17,17435,-34017
2011-05-24T00:00:00.000,SILVER - COMMODITY EXCHANGE INC.,31754,14171,33663,68622,121395,2011-05-24,17583,-34959
2011-05-31T00:00:00.000,SILVER - COMMODITY EXCHANGE INC.,28870,11288,36702,71025,120853,2011-05-31,17582,-34323
2011-06-07T00:00:00.000,SILVER - COMMODITY EXCHANGE INC.,28761,11762,37428,70756,121191,2011-06-07,16999,-33328
2011-06-14T00:00:00.000,SILVER - COMMODITY EXCHANGE INC.,29261,12674,38561,71785,118846,2011-06-14,16587,-33224
2011-06-21T00:00:00.000,SILVER - COMMODITY EXCHANGE INC.,30454,11131,35382,70946,120238,2011-06-21,19323,-35564
2011-06-28T00:00:00.000,SILVER - COMMODITY EXCHANGE INC.,27439,11441,36894,66060,114330,2011-06-28,15998,-29166
2011-07-05T00:00:00.000,SILVER - COMMODITY EXCHANGE INC.,28131,9296,33548,66999,111251,2011-07-05,18835,-33451
2011-07-12T00:00:00.000,SILVER - COMMODITY EXCHANGE INC.,29967,9464,30712,68202,112795,2011-07-12,20503,-37490
2011-07-19T00:00:00.000,SILVER - COMMODITY EXCHANGE INC.,34248,13499,31009,70522,115999,2011-07-19,20749,-39513
2011-07-26T00:00:00.000,SILVER - COMMODITY EXCHANGE INC.,37358,13445,29990,72763,119563,2011-07-26,23913,-42773
2011-08-02T00:00:00.000,SILVER - COMMODITY EXCHANGE INC.,38265,13414,30441,75029,120385,2011-08-02,24851,-44588
2011-08-09T00:00:00.000,SILVER - COMMODITY EXCHANGE INC.,32101,13713,36394,71735,115939,2011-08-09,18388,-35341
2011-08-16T00:00:00.000,SILVER - COMMODITY EXCHANGE INC.,32697,10769,34555,75236,116007,2011-08-16,21928,-40681
2011-08-23T00:00:00.000,SILVER - COMMODITY EXCHANGE INC.,38756,11745,34281,81380,122543,2011-08-23,27011,-47099
2011-08-30T00:00:00.000,SILVER - COMMODITY EXCHANGE INC.,36537,9694,31944,77092,112375,2011-08-30,26843,-45148
2011-09-06T00:00:00.000,SILVER - COMMODITY EXCHANGE INC.,37185,9978,30563,77869,113449,2011-09-06,27207,-47306
2011-09-13T00:00:00.000,SILVER - COMMODITY EXCHANGE INC.,36588,10301,31851,77238,112726,2011-09-13,26287,-45387
2011-09-20T00:00:00.000,SILVER - COMMODITY EXCHANGE INC.,33947,11409,32373,73081,112103,2011-09-20,22538,-40708
2011-09-27T00:00:00.000,SILVER - COMMODITY EXCHANGE INC.,25153,9728,38025,62287,102014,2011-09-27,15425,-24262
2011-10-04T00:00:00.000,SILVER - COMMODITY EXCHANGE INC.,23859,11959,39584,58507,101102,2011-10-04,11900,-18923
2011-10-11T00:00:00.000,SILVER - COMMODITY EXCHANGE INC.,23571,11623,37590,58418,99698,2011-10-11,11948,-20828
2011-10-18T00:00:00.000,SILVER - COMMODITY EXCHANGE INC.,23005,12653,40121,58895,103357,2011-10-18,10352,-18774
2011-10-25T00:00:00.000,SILVER - COMMODITY EXCHANGE INC.,23660,12638,38176,61692,107066,2011-10-25,11022,-23516
2011-11-01T00:00:00.000,SILVER - COMMODITY EXCHANGE INC.,24084,11910,39207,62049,108675,2011-11-01,12174,-22842
2011-11-08T00:00:00.000,SILVER - COMMODITY EXCHANGE INC.,24414,11474,41455,66166,111841,2011-11-08,12940,-24711
2011-11-15T00:00:00.000,SILVER - COMMODITY EXCHANGE INC.,25822,11375,38950,65242,110513,2011-11-15,14447,-26292
2011-11-22T00:00:00.000,SILVER - COMMODITY EXCHANGE INC.,23577,10953,40241,61972,108548,2011-11-22,12624,-21731
2011-11-29T00:00:00.000,SILVER - COMMODITY EXCHANGE INC.,23816,11722,38884,59572,98959,2011-11-29,12094,-20688
2011-12-06T00:00:00.000,SILVER - COMMODITY EXCHANGE INC.,23211,10581,35493,58012,95684,2011-12-06,12630,-22519
2011-12-13T00:00:00.000,SILVER - COMMODITY EXCHANGE INC.,25572,11905,35629,55934,98311,2011-12-13,13667,-20305
2011-12-20T00:00:00.000,SILVER - COMMODITY EXCHANGE INC.,24302,16874,40017,54842,101165,2011-12-20,7428,-14825
2011-12-27T00:00:00.000,SILVER - COMMODITY EXCHANGE INC.,24026,17171,41224,55356,103993,2011-12-27,6855,-14132
2012-01-03T00:00:00.000,SILVER - COMMODITY EXCHANGE INC.,26629,16991,41300,57216,107101,2012-01-03,9638,-15916
2012-01-10T00:00:00.000,SILVER - COMMODITY EXCHANGE INC.,26208,15137,38959,58021,104345,2012-01-10,11071,-19062
2012-01-17T00:00:00.000,SILVER - COMMODITY EXCHANGE INC.,26209,12816,39029,59411,103668,2012-01-17,13393,-20382
2012-01-24T00:00:00.000,SILVER - COMMODITY EXCHANGE INC.,27051,10934,35283,60304,103025,2012-01-24,16117,-25021
2012-01-31T00:00:00.000,SILVER - COMMODITY EXCHANGE INC.,28465,9374,33693,62422,101747,2012-01-31,19091,-28729
2012-02-07T00:00:00.000,SILVER - COMMODITY EXCHANGE INC.,32239,8652,31795,66445,106008,2012-02-07,23587,-34650
2012-02-14T00:00:00.000,SILVER - COMMODITY EXCHANGE INC.,32860,7192,31427,68737,104872,2012-02-14,25668,-37310
2012-02-21T00:00:00.000,SILVER - COMMODITY EXCHANGE INC.,34819,8154,31735,70923,110583,2012-02-21,26665,-39188
2012-02-28T00:00:00.000,SILVER - COMMODITY EXCHANGE INC.,38012,8009,33802,78395,115866,2012-02-28,30003,-44593
2012-03-06T00:00:00.000,SILVER - COMMODITY EXCHANGE INC.,30635,7443,36329,72125,111023,2012-03-06,23192,-35796
2012-03-13T00:00:00.000,SILVER - COMMODITY EXCHANGE INC.,28459,6643,35341,70972,111730,2012-03-13,21816,-35631
2012-03-20T00:00:00.000,SILVER - COMMODITY EXCHANGE INC.,28489,7320,37622,69748,111422,2012-03-20,21169,-32126
2012-03-27T00:00:00.000,SILVER - COMMODITY EXCHANGE INC.,26897,8242,38722,68400,109859,2012-03-27,18655,-29678
2012-04-03T00:00:00.000,SILVER - COMMODITY EXCHANGE INC.,29242,9187,39894,71230,116434,2012-04-03,20055,-31336
2012-04-10T00:00:00.000,SILVER - COMMODITY EXCHANGE INC.,28154,9968,42151,68537,114469,2012-04-10,18186,-26386
2012-04-17T00:00:00.000,SILVER - COMMODITY EXCHANGE INC.,28051,9644,44523,71020,121448,2012-04-17,18407,-26497
2012-04-24T00:00:00.000,SILVER - COMMODITY EXCHANGE INC.,28913,12442,48344,70697,122325,2012-04-24,16471,-22353
2012-05-01T00:00:00.000,SILVER - COMMODITY EXCHANGE INC.,26855,11271,42450,66193,110862,2012-05-01,15584,-23743
2012-05-08T00:00:00.000,SILVER - COMMODITY EXCHANGE INC.,28008,15445,45482,63381,113549,2012-05-08,12563,-17899
2012-05-15T00:00:00.000,SILVER - COMMODITY EXCHANGE INC.,27251,15777,45565,61473,114208,2012-05-15,11474,-15908
2012-05-22T00:00:00.000,SILVER - COMMODITY EXCHANGE INC.,28018,17221,44547,59769,113647,2012-05-22,10797,-15222
2012-05-29T00:00:00.000,SILVER - COMMODITY EXCHANGE INC.,26499,17941,45817,60151,113961,2012-05-29,8558,-14334
2012-06-05T00:00:00.000,SILVER - COMMODITY EXCHANGE INC.,27809,18015,44927,61452,116809,2012-06-05,9794,-16525
2012-06-12T00:00:00.000,SILVER - COMMODITY EXCHANGE INC.,26716,17107,46701,64620,122080,2012-06-12,9609,-17919
2012-06-19T00:00:00.000,SILVER - COMMODITY EXCHANGE INC.,27767,17665,47447,64401,122508,2012-06-19,10102,-16954
2012-06-26T00:00:00.000,SILVER - COMMODITY EXCHANGE INC.,28362,22140,48591,60602,126164,2012-06-26,6222,-12011
2012-07-03T00:00:00.000,SILVER - COMMODITY EXCHANGE INC.,28662,18956,45803,63157,122128,2012-07-03,9706,-17354
2012-07-10T00:00:00.000,SILVER - COMMODITY EXCHANGE INC.,28434,19652,48371,62478,124109,2012-07-10,8782,-14107
2012-07-17T00:00:00.000,SILVER - COMMODITY EXCHANGE INC.,28431,20775,48214,63349,121819,2012-07-17,7656,-15135
2012-07-24T00:00:00.000,SILVER - COMMODITY EXCHANGE INC.,30291,22132,47198,62653,123661,2012-07-24,8159,-15455
2012-07-31T00:00:00.000,SILVER - COMMODITY EXCHANGE INC.,31394,18358,43698,65060,121809,2012-07-31,13036,-21362
2012-08-07T00:00:00.000,SILVER - COMMODITY EXCHANGE INC.,31421,17741,44595,66447,124276,2012-08-07,13680,-21852
2012-08-14T00:00:00.000,SILVER - COMMODITY EXCHANGE INC.,32317,16730,47797,71199,128993,2012-08-14,15587,-23402
2012-08-21T00:00:00.000,SILVER - COMMODITY EXCHANGE INC.,35646,14446,43146,75623,127776,2012-08-21,21200,-32477
2012-08-28T00:00:00.000,SILVER - COMMODITY EXCHANGE INC.,39708,11070,38039,76613,121777,2012-08-28,28638,-38574
2012-09-04T00:00:00.000,SILVER - COMMODITY EXCHANGE INC.,42283,9853,32297,77217,119504,2012-09-04,32430,-44920
2012-09-11T00:00:00.000,SILVER - COMMODITY EXCHANGE INC.,41371,9889,32206,79478,121050,2012-09-11,31482,-47272
2012-09-18T00:00:00.000,SILVER - COMMODITY EXCHANGE INC.,43205,10650,31884,82358,127032,2012-09-18,32555,-50474
2012-09-25T00:00:00.000,SILVER - COMMODITY EXCHANGE INC.,44778,10768,34451,86110,133163,2012-09-25,34010,-51659
2012-10-02T00:00:00.000,SILVER - COMMODITY EXCHANGE INC.,47236,9118,35788,93628,139117,2012-10-02,38118,-57840
2012-10-09T00:00:00.000,SILVER - COMMODITY EXCHANGE INC.,49398,9573,36184,93188,140426,2012-10-09,39825,-57004
2012-10-16T00:00:00.000,SILVER - COMMODITY EXCHANGE INC.,49041,8913,36221,93315,141405,2012-10-16,40128,-57094
2012-10-23T00:00:00.000,SILVER - COMMODITY EXCHANGE INC.,47463,9327,35786,91285,140643,2012-10-23,38136,-55499
2012-10-30T00:00:00.000,SILVER - COMMODITY EXCHANGE INC.,46782,10565,36939,90671,137585,2012-10-30,36217,-53732
2012-11-06T00:00:00.000,SILVER - COMMODITY EXCHANGE INC.,44230,10111,38726,88404,139313,2012-11-06,34119,-49678
2012-11-13T00:00:00.000,SILVER - COMMODITY EXCHANGE INC.,45185,10775,41797,92758,144567,2012-11-13,34410,-50961
2012-11-20T00:00:00.000,SILVER - COMMODITY EXCHANGE INC.,47308,9347,43419,98605,150335,2012-11-20,37961,-55186
2012-11-27T00:00:00.000,SILVER - COMMODITY EXCHANGE INC.,51084,9809,42544,101878,150727,2012-11-27,41275,-59334
2012-12-04T00:00:00.000,SILVER - COMMODITY EXCHANGE INC.,50204,8932,38410,96924,141738,2012-12-04,41272,-58514
2012-12-11T00:00:00.000,SILVER - COMMODITY EXCHANGE INC.,48548,9048,39515,97438,142085,2012-12-11,39500,-57923
2012-12-18T00:00:00.000,SILVER - COMMODITY EXCHANGE INC.,44889,8900,40347,95686,141423,2012-12-18,35989,-55339
2012-12-24T00:00:00.000,SILVER - COMMODITY EXCHANGE INC.,39620,8977,44302,91010,140751,2012-12-24,30643,-46708
2012-12-31T00:00:00.000,SILVER - COMMODITY EXCHANGE INC.,38291,9104,45415,90751,141489,2012-12-31,29187,-45336
2013-01-08T00:00:00.000,SILVER - COMMODITY EXCHANGE INC.,37257,9163,44977,86242,137542,2013-01-08,28094,-41265
2013-01-15T00:00:00.000,SILVER - COMMODITY EXCHANGE INC.,38382,9810,46337,88369,140433,2013-01-15,28572,-42032
2013-01-22T00:00:00.000,SILVER - COMMODITY EXCHANGE INC.,41282,10189,44790,92188,142279,2013-01-22,31093,-47398
2013-01-29T00:00:00.000,SILVER - COMMODITY EXCHANGE INC.,43089,8285,45404,95671,148532,2013-01-29,34804,-50267
2013-02-05T00:00:00.000,SILVER - COMMODITY EXCHANGE INC.,42449,6588,46293,98239,151512,2013-02-05,35861,-51946
2013-02-12T00:00:00.000,SILVER - COMMODITY EXCHANGE INC.,40205,8133,52182,98979,152817,2013-02-12,32072,-46797
2013-02-19T00:00:00.000,SILVER - COMMODITY EXCHANGE INC.,39057,12601,54208,92164,155353,2013-02-19,26456,-37956
2013-02-26T00:00:00.000,SILVER - COMMODITY EXCHANGE INC.,37753,16016,52509,83395,145625,2013-02-26,21737,-30886
2013-03-05T00:00:00.000,SILVER - COMMODITY EXCHANGE INC.,38449,19846,52774,81957,147100,2013-03-05,18603,-29183
2013-03-12T00:00:00.000,SILVER - COMMODITY EXCHANGE INC.,38637,20529,51929,81352,148283,2013-03-12,18108,-29423
2013-03-19T00:00:00.000,SILVER - COMMODITY EXCHANGE INC.,38707,23656,55014,81453,151521,2013-03-19,15051,-26439
2013-03-26T00:00:00.000,SILVER - COMMODITY EXCHANGE INC.,37548,26144,55564,79605,151568,2013-03-26,11404,-24041
2013-04-02T00:00:00.000,SILVER - COMMODITY EXCHANGE INC.,38201,30055,57847,76350,155755,2013-04-02,8146,-18503
2013-04-09T00:00:00.000,SILVER - COMMODITY EXCHANGE INC.,38492,30577,61060,78984,162241,2013-04-09,7915,-17924
2013-04-16T00:00:00.000,SILVER - COMMODITY EXCHANGE INC.,39701,22103,61641,84139,157302,2013-04-16,17598,-22498
2013-04-23T00:00:00.000,SILVER - COMMODITY EXCHANGE INC.,38817,23816,68258,85422,158970,2013-04-23,15001,-17164
2013-04-30T00:00:00.000,SILVER - COMMODITY EXCHANGE INC.,35720,23530,65685,79915,143477,2013-04-30,12190,-14230
2013-05-07T00:00:00.000,SILVER - COMMODITY EXCHANGE INC.,35834,22183,65703,80159,144156,2013-05-07,13651,-14456
2013-05-14T00:00:00.000,SILVER - COMMODITY EXCHANGE INC.,35690,24896,66717,79935,144666,2013-05-14,10794,-13218
2013-05-21T00:00:00.000,SILVER - COMMODITY EXCHANGE INC.,35533,26718,67754,79680,148619,2013-05-21,8815,-11926
2013-05-28T00:00:00.000,SILVER - COMMODITY EXCHANGE INC.,34059,29468,66428,74762,145299,2013-05-28,4591,-8334
2013-06-04T00:00:00.000,SILVER - COMMODITY EXCHANGE INC.,35051,29695,66857,75256,145734,2013-06-04,5356,-8399
2013-06-11T00:00:00.000,SILVER - COMMODITY EXCHANGE INC.,35509,31806,68438,73458,147175,2013-06-11,3703,-5020
2013-06-18T00:00:00.000,SILVER - COMMODITY EXCHANGE INC.,35474,31570,68245,74197,149891,2013-06-18,3904,-5952
2013-06-25T00:00:00.000,SILVER - COMMODITY EXCHANGE INC.,34505,33668,66478,70571,140639,2013-06-25,837,-4093
2013-07-02T00:00:00.000,SILVER - COMMODITY EXCHANGE INC.,36175,31528,63219,70988,136146,2013-07-02,4647,-7769
2013-07-09T00:00:00.000,SILVER - COMMODITY EXCHANGE INC.,36560,31539,62307,69205,133851,2013-07-09,5021,-6898
2013-07-16T00:00:00.000,SILVER - COMMODITY EXCHANGE INC.,36775,30140,61325,72647,133445,2013-07-16,6635,-11322
2013-07-23T00:00:00.000,SILVER - COMMODITY EXCHANGE INC.,35440,29759,60950,71063,131748,2013-07-23,5681,-10113
2013-07-30T00:00:00.000,SILVER - COMMODITY EXCHANGE INC.,35628,30653,60510,68817,132831,2013-07-30,4975,-8307
2013-08-06T00:00:00.000,SILVER - COMMODITY EXCHANGE INC.,34627,29160,58203,68503,132053,2013-08-06,5467,-10300
2013-08-13T00:00:00.000,SILVER - COMMODITY EXCHANGE INC.,36945,24236,60196,80472,135226,2013-08-13,12709,-20276
2013-08-20T00:00:00.000,SILVER - COMMODITY EXCHANGE INC.,37308,18800,59439,82713,131076,2013-08-20,18508,-23274
2013-08-27T00:00:00.000,SILVER - COMMODITY EXCHANGE INC.,33147,16767,54973,79347,122271,2013-08-27,16380,-24374
2013-09-03T00:00:00.000,SILVER - COMMODITY EXCHANGE INC.,34616,15769,49643,77006,115644,2013-09-03,18847,-27363
2013-09-10T00:00:00.000,SILVER - COMMODITY EXCHANGE INC.,32644,16810,48979,72477,112276,2013-09-10,15834,-23498
2013-09-17T00:00:00.000,SILVER - COMMODITY EXCHANGE INC.,30889,17083,49729,71983,112757,2013-09-17,13806,-22254
2013-09-24T00:00:00.000,SILVER - COMMODITY EXCHANGE INC.,29357,16705,52271,71892,112317,2013-09-24,12652,-19621
2013-10-01T00:00:00.000,SILVER - COMMODITY EXCHANGE INC.,31235,18460,54294,70939,115238,2013-10-01,12775,-16645
2013-10-08T00:00:00.000,SILVER - COMMODITY EXCHANGE INC.,31887,16881,52815,74081,116098,2013-10-08,15006,-21266
2013-10-15T00:00:00.000,SILVER - COMMODITY EXCHANGE INC.,33368,18600,52976,72249,116207,2013-10-15,14768,-19273
2013-10-22T00:00:00.000,SILVER - COMMODITY EXCHANGE INC.,35706,17498,51120,76005,116767,2013-10-22,18208,-24885
2013-10-29T00:00:00.000,SILVER - COMMODITY EXCHANGE INC.,36674,18225,51321,77457,117934,2013-10-29,18449,-26136
2013-11-05T00:00:00.000,SILVER - COMMODITY EXCHANGE INC.,36134,17231,51669,77503,118718,2013-11-05,18903,-25834
2013-11-12T00:00:00.000,SILVER - COMMODITY EXCHANGE INC.,37380,24344,55623,78252,129525,2013-11-12,13036,-22629
2013-11-19T00:00:00.000,SILVER - COMMODITY EXCHANGE INC.,38586,28555,60926,78390,138809,2013-11-19,10031,-17464
2013-11-26T00:00:00.000,SILVER - COMMODITY EXCHANGE INC.,39270,32648,56669,73097,133287,2013-11-26,6622,-16428
2013-12-03T00:00:00.000,SILVER - COMMODITY EXCHANGE INC.,40438,37537,56666,68831,133109,2013-12-03,2901,-12165
2013-12-10T00:00:00.000,SILVER - COMMODITY EXCHANGE INC.,42551,32598,56471,74003,133086,2013-12-10,9953,-17532
2013-12-17T00:00:00.000,SILVER - COMMODITY EXCHANGE INC.,41916,30368,55860,75105,133306,2013-12-17,11548,-19245
2013-12-24T00:00:00.000,SILVER - COMMODITY EXCHANGE INC.,42097,29999,56157,75843,132501,2013-12-24,12098,-19686
2013-12-31T00:00:00.000,SILVER - COMMODITY EXCHANGE INC.,42083,27402,54280,79052,132475,2013-12-31,14681,-24772
2014-01-07T00:00:00.000,SILVER - COMMODITY EXCHANGE INC.,41285,23950,53875,79404,131294,2014-01-07,17335,-25529
2014-01-14T00:00:00.000,SILVER - COMMODITY EXCHANGE INC.,41287,24798,58869,83678,136158,2014-01-14,16489,-24809
2014-01-21T00:00:00.000,SILVER - COMMODITY EXCHANGE INC.,42334,26466,60600,84551,139468,2014-01-21,15868,-23951
2014-01-28T00:00:00.000,SILVER - COMMODITY EXCHANGE INC.,40816,30324,62077,83110,144244,2014-01-28,10492,-21033
2014-02-04T00:00:00.000,SILVER - COMMODITY EXCHANGE INC.,41321,34333,65457,80309,149163,2014-02-04,6988,-14852
2014-02-11T00:00:00.000,SILVER - COMMODITY EXCHANGE INC.,41279,28645,61524,83941,147988,2014-02-11,12634,-22417
2014-02-18T00:00:00.000,SILVER - COMMODITY EXCHANGE INC.,40506,16971,63221,96074,147035,2014-02-18,23535,-32853
2014-02-25T00:00:00.000,SILVER - COMMODITY EXCHANGE INC.,44848,15911,59225,98210,144305,2014-02-25,28937,-38985
2014-03-04T00:00:00.000,SILVER - COMMODITY EXCHANGE INC.,44297,16388,54619,94388,133550,2014-03-04,27909,-39769
2014-03-11T00:00:00.000,SILVER - COMMODITY EXCHANGE INC.,43886,17222,55639,93273,136625,2014-03-11,26664,-37634
2014-03-18T00:00:00.000,SILVER - COMMODITY EXCHANGE INC.,44744,20372,60632,96532,144578,2014-03-18,24372,-35900
2014-03-25T00:00:00.000,SILVER - COMMODITY EXCHANGE INC.,45500,26487,60091,91846,147597,2014-03-25,19013,-31755
2014-04-01T00:00:00.000,SILVER - COMMODITY EXCHANGE INC.,44145,29641,61104,89546,150361,2014-04-01,14504,-28442
2014-04-08T00:00:00.000,SILVER - COMMODITY EXCHANGE INC.,45042,28780,67545,96450,159316,2014-04-08,16262,-28905
2014-04-15T00:00:00.000,SILVER - COMMODITY EXCHANGE INC.,45957,32858,74713,98007,164158,2014-04-15,13099,-23294
2014-04-22T00:00:00.000,SILVER - COMMODITY EXCHANGE INC.,45868,31751,71987,94760,157687,2014-04-22,14117,-22773
2014-04-29T00:00:00.000,SILVER - COMMODITY EXCHANGE INC.,46103,34052,63507,86863,149341,2014-04-29,12051,-23356
2014-05-06T00:00:00.000,SILVER - COMMODITY EXCHANGE INC.,45772,35393,63588,83937,149495,2014-05-06,10379,-20349
2014-05-13T00:00:00.000,SILVER - COMMODITY EXCHANGE INC.,46625,35088,63645,83079,149922,2014-05-13,11537,-19434
2014-05-20T00:00:00.000,SILVER - COMMODITY EXCHANGE INC.,45967,37891,63691,81288,150164,2014-05-20,8076,-17597
2014-05-27T00:00:00.000,SILVER - COMMODITY EXCHANGE INC.,48126,43038,64976,79206,156319,2014-05-27,5088,-14230
2014-06-03T00:00:00.000,SILVER - COMMODITY EXCHANGE INC.,49778,49012,65523,75163,161062,2014-06-03,766,-9640
2014-06-10T00:00:00.000,SILVER - COMMODITY EXCHANGE INC.,48592,44486,63087,77409,161532,2014-06-10,4106,-14322
2014-06-17T00:00:00.000,SILVER - COMMODITY EXCHANGE INC.,48333,34996,66461,89299,164576,2014-06-17,13337,-22838
2014-06-24T00:00:00.000,SILVER - COMMODITY EXCHANGE INC.,54160,24830,58728,101625,158093,2014-06-24,29330,-42897
2014-07-01T00:00:00.000,SILVER - COMMODITY EXCHANGE INC.,60392,20093,52495,104450,156698,2014-07-01,40299,-51955
2014-07-08T00:00:00.000,SILVER - COMMODITY EXCHANGE INC.,67029,19148,51053,109071,162879,2014-07-08,47881,-58018
2014-07-15T00:00:00.000,SILVER - COMMODITY EXCHANGE INC.,65907,16629,49410,108106,162447,2014-07-15,49278,-58696
2014-07-22T00:00:00.000,SILVER - COMMODITY EXCHANGE INC.,64277,16752,49553,107900,162485,2014-07-22,47525,-58347
2014-07-29T00:00:00.000,SILVER - COMMODITY EXCHANGE INC.,59030,14918,51091,107674,158558,2014-07-29,44112,-56583
2014-08-05T00:00:00.000,SILVER - COMMODITY EXCHANGE INC.,54165,19802,52922,101125,157578,2014-08-05,34363,-48203
2014-08-12T00:00:00.000,SILVER - COMMODITY EXCHANGE INC.,53942,24245,57024,100750,158219,2014-08-12,29697,-43726
2014-08-19T00:00:00.000,SILVER - COMMODITY EXCHANGE INC.,53677,29526,60527,97910,164893,2014-08-19,24151,-37383
2014-08-26T00:00:00.000,SILVER - COMMODITY EXCHANGE INC.,55545,33021,60343,97662,164262,2014-08-26,22524,-37319
2014-09-02T00:00:00.000,SILVER - COMMODITY EXCHANGE INC.,59472,39917,57555,89850,162307,2014-09-02,19555,-32295
2014-09-09T00:00:00.000,SILVER - COMMODITY EXCHANGE INC.,58910,42373,59823,89776,165281,2014-09-09,16537,-29953
2014-09-16T00:00:00.000,SILVER - COMMODITY EXCHANGE INC.,58536,47624,64619,88178,171260,2014-09-16,10912,-23559
2014-09-23T00:00:00.000,SILVER - COMMODITY EXCHANGE INC.,55602,46780,67047,83814,170393,2014-09-23,8822,-16767
2014-09-30T00:00:00.000,SILVER - COMMODITY EXCHANGE INC.,58730,52104,68945,84406,173222,2014-09-30,6626,-15461
2014-10-07T00:00:00.000,SILVER - COMMODITY EXCHANGE INC.,58526,49584,67816,84056,171283,2014-10-07,8942,-16240
2014-10-14T00:00:00.000,SILVER - COMMODITY EXCHANGE INC.,58188,50451,66900,83160,169329,2014-10-14,7737,-16260
2014-10-21T00:00:00.000,SILVER - COMMODITY EXCHANGE INC.,57236,50405,70098,84689,170192,2014-10-21,6831,-14591
2014-10-28T00:00:00.000,SILVER - COMMODITY EXCHANGE INC.,57469,51537,71215,85370,173733,2014-10-28,5932,-14155
2014-11-04T00:00:00.000,SILVER - COMMODITY EXCHANGE INC.,58088,51146,73977,86385,176463,2014-11-04,6942,-12408
2014-11-11T00:00:00.000,SILVER - COMMODITY EXCHANGE INC.,57465,47033,69712,87324,170684,2014-11-11,10432,-17612
2014-11-18T00:00:00.000,SILVER - COMMODITY EXCHANGE INC.,56831,45077,74136,92503,173075,2014-11-18,11754,-18367
2014-11-25T00:00:00.000,SILVER - COMMODITY EXCHANGE INC.,52883,37427,65268,87311,156984,2014-11-25,15456,-22043
2014-12-02T00:00:00.000,SILVER - COMMODITY EXCHANGE INC.,50686,29095,62023,88609,148422,2014-12-02,21591,-26586
2014-12-09T00:00:00.000,SILVER - COMMODITY EXCHANGE INC.,52129,23670,59448,94805,148195,2014-12-09,28459,-35357
2014-12-16T00:00:00.000,SILVER - COMMODITY EXCHANGE INC.,52921,26432,62195,96192,150199,2014-12-16,26489,-33997
2014-12-23T00:00:00.000,SILVER - COMMODITY EXCHANGE INC.,52057,25744,62444,96176,149149,2014-12-23,26313,-33732
2014-12-30T00:00:00.000,SILVER - COMMODITY EXCHANGE INC.,54126,24104,60612,99248,149594,2014-12-30,30022,-38636
2015-01-06T00:00:00.000,SILVER - COMMODITY EXCHANGE INC.,54911,22872,62455,102064,152879,2015-01-06,32039,-39609
2015-01-13T00:00:00.000,SILVER - COMMODITY EXCHANGE INC.,59808,19869,61363,108167,157282,2015-01-13,39939,-46804
2015-01-20T00:00:00.000,SILVER - COMMODITY EXCHANGE INC.,62203,15929,60587,116228,159904,2015-01-20,46274,-55641
2015-01-27T00:00:00.000,SILVER - COMMODITY EXCHANGE INC.,65722,12375,59964,121557,162440,2015-01-27,53347,-61593
2015-02-03T00:00:00.000,SILVER - COMMODITY EXCHANGE INC.,64166,13593,65063,121262,168486,2015-02-03,50573,-56199
2015-02-10T00:00:00.000,SILVER - COMMODITY EXCHANGE INC.,62034,15170,64438,117895,168146,2015-02-10,46864,-53457
2015-02-17T00:00:00.000,SILVER - COMMODITY EXCHANGE INC.,61145,19822,68694,116415,175193,2015-02-17,41323,-47721
2015-02-24T00:00:00.000,SILVER - COMMODITY EXCHANGE INC.,57348,20009,67267,109414,166676,2015-02-24,37339,-42147
2015-03-03T00:00:00.000,SILVER - COMMODITY EXCHANGE INC.,56342,25135,63453,103165,164018,2015-03-03,31207,-39712
2015-03-10T00:00:00.000,SILVER - COMMODITY EXCHANGE INC.,57966,31994,65853,99116,169125,2015-03-10,25972,-33263
2015-03-17T00:00:00.000,SILVER - COMMODITY EXCHANGE INC.,61649,37238,72202,102412,178524,2015-03-17,24411,-30210
2015-03-24T00:00:00.000,SILVER - COMMODITY EXCHANGE INC.,62332,30209,67276,106518,172659,2015-03-24,32123,-39242
2015-03-31T00:00:00.000,SILVER - COMMODITY EXCHANGE INC.,65426,22314,63225,113086,170105,2015-03-31,43112,-49861
2015-04-07T00:00:00.000,SILVER - COMMODITY EXCHANGE INC.,63241,21160,64592,115030,169700,2015-04-07,42081,-50438
2015-04-14T00:00:00.000,SILVER - COMMODITY EXCHANGE INC.,61417,26872,67026,110891,177877,2015-04-14,34545,-43865
2015-04-21T00:00:00.000,SILVER - COMMODITY EXCHANGE INC.,60848,36523,73151,106987,182633,2015-04-21,24325,-33836
2015-04-28T00:00:00.000,SILVER - COMMODITY EXCHANGE INC.,64340,41410,69451,103450,179461,2015-04-28,22930,-33999
2015-05-05T00:00:00.000,SILVER - COMMODITY EXCHANGE INC.,65383,37760,67908,105158,175694,2015-05-05,27623,-37250
2015-05-12T00:00:00.000,SILVER - COMMODITY EXCHANGE INC.,65302,35964,68337,106440,174919,2015-05-12,29338,-38103
2015-05-19T00:00:00.000,SILVER - COMMODITY EXCHANGE INC.,68171,16891,62550,125035,174337,2015-05-19,51280,-62485
2015-05-26T00:00:00.000,SILVER - COMMODITY EXCHANGE INC.,66592,15611,63321,124823,173629,2015-05-26,50981,-61502
2015-06-02T00:00:00.000,SILVER - COMMODITY EXCHANGE INC.,63573,16728,67193,124762,178343,2015-06-02,46845,-57569
2015-06-09T00:00:00.000,SILVER - COMMODITY EXCHANGE INC.,65881,43335,71347,107288,189524,2015-06-09,22546,-35941
2015-06-16T00:00:00.000,SILVER - COMMODITY EXCHANGE INC.,67315,51643,74139,102994,191774,2015-06-16,15672,-28855
2015-06-23T00:00:00.000,SILVER - COMMODITY EXCHANGE INC.,74254,58697,73843,103320,200273,2015-06-23,15557,-29477
2015-06-30T00:00:00.000,SILVER - COMMODITY EXCHANGE INC.,71886,62005,76246,97406,196724,2015-06-30,9881,-21160
2015-07-07T00:00:00.000,SILVER - COMMODITY EXCHANGE INC.,70786,63993,78158,92477,197092,2015-07-07,6793,-14319
2015-07-14T00:00:00.000,SILVER - COMMODITY EXCHANGE INC.,66392,56839,75946,91535,185716,2015-07-14,9553,-15589
2015-07-21T00:00:00.000,SILVER - COMMODITY EXCHANGE INC.,66576,62331,79791,90958,190226,2015-07-21,4245,-11167
2015-07-28T00:00:00.000,SILVER - COMMODITY EXCHANGE INC.,67125,60829,79630,91703,190322,2015-07-28,6296,-12073
2015-08-04T00:00:00.000,SILVER - COMMODITY EXCHANGE INC.,66772,58367,76161,89917,185848,2015-08-04,8405,-13756
2015-08-11T00:00:00.000,SILVER - COMMODITY EXCHANGE INC.,65566,48729,68255,90482,177902,2015-08-11,16837,-22227
2015-08-18T00:00:00.000,SILVER - COMMODITY EXCHANGE INC.,59535,45501,71220,94613,173545,2015-08-18,14034,-23393
2015-08-25T00:00:00.000,SILVER - COMMODITY EXCHANGE INC.,58687,43129,71182,95152,167243,2015-08-25,15558,-23970
2015-09-01T00:00:00.000,SILVER - COMMODITY EXCHANGE INC.,57866,40394,63067,85633,157013,2015-09-01,17472,-22566
2015-09-08T00:00:00.000,SILVER - COMMODITY EXCHANGE INC.,58761,40020,60995,86555,155615,2015-09-08,18741,-25560
2015-09-15T00:00:00.000,SILVER - COMMODITY EXCHANGE INC.,60443,46180,61170,82527,158007,2015-09-15,14263,-21357
2015-09-22T00:00:00.000,SILVER - COMMODITY EXCHANGE INC.,60413,35554,56244,87558,152140,2015-09-22,24859,-31314
2015-09-29T00:00:00.000,SILVER - COMMODITY EXCHANGE INC.,61556,38453,56932,87038,156905,2015-09-29,23103,-30106
2015-10-06T00:00:00.000,SILVER - COMMODITY EXCHANGE INC.,68838,28052,48944,98446,156226,2015-10-06,40786,-49502
2015-10-13T00:00:00.000,SILVER - COMMODITY EXCHANGE INC.,74575,22865,45022,103648,161346,2015-10-13,51710,-58626
2015-10-20T00:00:00.000,SILVER - COMMODITY EXCHANGE INC.,79449,22151,42189,108989,167574,2015-10-20,57298,-66800
2015-10-27T00:00:00.000,SILVER - COMMODITY EXCHANGE INC.,82023,19578,41050,110423,169757,2015-10-27,62445,-69373
2015-11-03T00:00:00.000,SILVER - COMMODITY EXCHANGE INC.,77220,18843,41512,108653,166942,2015-11-03,58377,-67141
2015-11-10T00:00:00.000,SILVER - COMMODITY EXCHANGE INC.,72304,33314,48381,98510,162435,2015-11-10,38990,-50129
2015-11-17T00:00:00.000,SILVER - COMMODITY EXCHANGE INC.,72282,47028,57596,93120,170721,2015-11-17,25254,-35524
2015-11-24T00:00:00.000,SILVER - COMMODITY EXCHANGE INC.,70210,50817,58718,87443,170092,2015-11-24,19393,-28725
2015-12-01T00:00:00.000,SILVER - COMMODITY EXCHANGE INC.,72909,51019,53239,83060,163286,2015-12-01,21890,-29821
2015-12-08T00:00:00.000,SILVER - COMMODITY EXCHANGE INC.,70591,49331,52285,83312,162758,2015-12-08,21260,-31027
2015-12-15T00:00:00.000,SILVER - COMMODITY EXCHANGE INC.,71479,55902,54707,78249,166864,2015-12-15,15577,-23542
2015-12-22T00:00:00.000,SILVER - COMMODITY EXCHANGE INC.,68584,45193,51148,82310,161116,2015-12-22,23391,-31162
2015-12-29T00:00:00.000,SILVER - COMMODITY EXCHANGE INC.,68450,47746,52149,82027,165006,2015-12-29,20704,-29878
2016-01-05T00:00:00.000,SILVER - COMMODITY EXCHANGE INC.,69779,48153,52680,81479,167520,2016-01-05,21626,-28799
2016-01-12T00:00:00.000,SILVER - COMMODITY EXCHANGE INC.,71255,48772,50690,81252,166172,2016-01-12,22483,-30562
2016-01-19T00:00:00.000,SILVER - COMMODITY EXCHANGE INC.,68196,39238,49508,85542,159521,2016-01-19,28958,-36034
2016-01-26T00:00:00.000,SILVER - COMMODITY EXCHANGE INC.,68920,31334,46228,91352,154734,2016-01-26,37586,-45124
2016-02-02T00:00:00.000,SILVER - COMMODITY EXCHANGE INC.,70685,32097,47967,93441,157934,2016-02-02,38588,-45474
2016-02-09T00:00:00.000,SILVER - COMMODITY EXCHANGE INC.,78108,25426,44437,106146,164664,2016-02-09,52682,-61709
2016-02-16T00:00:00.000,SILVER - COMMODITY EXCHANGE INC.,80249,21532,44638,114700,166645,2016-02-16,58717,-70062
2016-02-23T00:00:00.000,SILVER - COMMODITY EXCHANGE INC.,83189,21262,45040,118717,174697,2016-02-23,61927,-73677
2016-03-01T00:00:00.000,SILVER - COMMODITY EXCHANGE INC.,78607,23127,48025,113262,162293,2016-03-01,55480,-65237
2016-03-08T00:00:00.000,SILVER - COMMODITY EXCHANGE INC.,79879,19995,47434,118249,169875,2016-03-08,59884,-70815
2016-03-15T00:00:00.000,SILVER - COMMODITY EXCHANGE INC.,76606,18533,46447,116471,166180,2016-03-15,58073,-70024
2016-03-22T00:00:00.000,SILVER - COMMODITY EXCHANGE INC.,82933,19504,47743,124985,175775,2016-03-22,63429,-77242
2016-03-29T00:00:00.000,SILVER - COMMODITY EXCHANGE INC.,79493,24986,47675,115779,175255,2016-03-29,54507,-68104
2016-04-05T00:00:00.000,SILVER - COMMODITY EXCHANGE INC.,79942,27931,51291,110956,179913,2016-04-05,52011,-59665
2016-04-12T00:00:00.000,SILVER - COMMODITY EXCHANGE INC.,87892,25424,52108,124524,184800,2016-04-12,62468,-72416
2016-04-19T00:00:00.000,SILVER - COMMODITY EXCHANGE INC.,94988,23560,53952,138036,194510,2016-04-19,71428,-84084
2016-04-26T00:00:00.000,SILVER - COMMODITY EXCHANGE INC.,99774,21001,56700,148002,206748,2016-04-26,78773,-91302
2016-05-03T00:00:00.000,SILVER - COMMODITY EXCHANGE INC.,100401,24526,55731,146325,198237,2016-05-03,75875,-90594
2016-05-10T00:00:00.000,SILVER - COMMODITY EXCHANGE INC.,107844,27573,53870,145602,205391,2016-05-10,80271,-91732
2016-05-17T00:00:00.000,SILVER - COMMODITY EXCHANGE INC.,105988,28786,54759,144654,207394,2016-05-17,77202,-89895
2016-05-24T00:00:00.000,SILVER - COMMODITY EXCHANGE INC.,97242,31358,59097,137390,203682,2016-05-24,65884,-78293
2016-05-31T00:00:00.000,SILVER - COMMODITY EXCHANGE INC.,89815,28184,59970,135935,198118,2016-05-31,61631,-75965
2016-06-07T00:00:00.000,SILVER - COMMODITY EXCHANGE INC.,86676,29635,56476,128310,192376,2016-06-07,57041,-71834
2016-06-14T00:00:00.000,SILVER - COMMODITY EXCHANGE INC.,97370,27731,56766,138510,199111,2016-06-14,69639,-81744
2016-06-21T00:00:00.000,SILVER - COMMODITY EXCHANGE INC.,106942,26699,55836,145772,205618,2016-06-21,80243,-89936
2016-06-28T00:00:00.000,SILVER - COMMODITY EXCHANGE INC.,107555,23894,56671,151872,211396,2016-06-28,83661,-95201
2016-07-05T00:00:00.000,SILVER - COMMODITY EXCHANGE INC.,111348,25594,55718,154486,211347,2016-07-05,85754,-98768
2016-07-12T00:00:00.000,SILVER - COMMODITY EXCHANGE INC.,114376,26724,54035,154155,214617,2016-07-12,87652,-100120
2016-07-19T00:00:00.000,SILVER - COMMODITY EXCHANGE INC.,120839,26449,50379,156634,219206,2016-07-19,94390,-106255
2016-07-26T00:00:00.000,SILVER - COMMODITY EXCHANGE INC.,123737,27660,48115,155238,218299,2016-07-26,96077,-107123
2016-08-02T00:00:00.000,SILVER - COMMODITY EXCHANGE INC.,122676,29242,49123,158244,224540,2016-08-02,93434,-109121
2016-08-09T00:00:00.000,SILVER - COMMODITY EXCHANGE INC.,122165,31101,47020,150331,210647,2016-08-09,91064,-103311
2016-08-16T00:00:00.000,SILVER - COMMODITY EXCHANGE INC.,118988,33999,49176,149770,205905,2016-08-16,84989,-100594
2016-08-23T00:00:00.000,SILVER - COMMODITY EXCHANGE INC.,118356,35153,47602,145671,206264,2016-08-23,83203,-98069
2016-08-30T00:00:00.000,SILVER - COMMODITY EXCHANGE INC.,114230,29876,44378,140056,189416,2016-08-30,84354,-95678
2016-09-06T00:00:00.000,SILVER - COMMODITY EXCHANGE INC.,118059,30031,45970,145552,199197,2016-09-06,88028,-99582
2016-09-13T00:00:00.000,SILVER - COMMODITY EXCHANGE INC.,113792,32224,45479,142154,193953,2016-09-13,81568,-96675
2016-09-20T00:00:00.000,SILVER - COMMODITY EXCHANGE INC.,113567,30932,45909,142854,193501,2016-09-20,82635,-96945
2016-09-27T00:00:00.000,SILVER - COMMODITY EXCHANGE INC.,116948,32086,48161,148979,201486,2016-09-27,84862,-100818
2016-10-04T00:00:00.000,SILVER - COMMODITY EXCHANGE INC.,110764,34961,48885,139781,198747,2016-10-04,75803,-90896
2016-10-11T00:00:00.000,SILVER - COMMODITY EXCHANGE INC.,97527,34634,52174,129809,187469,2016-10-11,62893,-77635
2016-10-18T00:00:00.000,SILVER - COMMODITY EXCHANGE INC.,94230,34944,53771,128682,189229,2016-10-18,59286,-74911
2016-10-25T00:00:00.000,SILVER - COMMODITY EXCHANGE INC.,92213,35140,57120,130516,196311,2016-10-25,57073,-73396
2016-11-01T00:00:00.000,SILVER - COMMODITY EXCHANGE INC.,89233,27097,58595,135512,196912,2016-11-01,62136,-76917
2016-11-08T00:00:00.000,SILVER - COMMODITY EXCHANGE INC.,89360,24091,53861,136122,188265,2016-11-08,65269,-82261
2016-11-15T00:00:00.000,SILVER - COMMODITY EXCHANGE INC.,85575,22969,51359,129880,174831,2016-11-15,62606,-78521
2016-11-22T00:00:00.000,SILVER - COMMODITY EXCHANGE INC.,81835,21668,46804,125036,169661,2016-11-22,60167,-78232
2016-11-29T00:00:00.000,SILVER - COMMODITY EXCHANGE INC.,79485,20445,41906,117351,156626,2016-11-29,59040,-75445
2016-12-06T00:00:00.000,SILVER - COMMODITY EXCHANGE INC.,81495,22130,43081,118821,159337,2016-12-06,59365,-75740
2016-12-13T00:00:00.000,SILVER - COMMODITY EXCHANGE INC.,87040,20107,41867,122998,163556,2016-12-13,66933,-81131
2016-12-20T00:00:00.000,SILVER - COMMODITY EXCHANGE INC.,83529,22635,42097,116045,159697,2016-12-20,60894,-73948
2016-12-27T00:00:00.000,SILVER - COMMODITY EXCHANGE INC.,84330,25419,41974,115981,163097,2016-12-27,58911,-74007
2017-01-03T00:00:00.000,SILVER - COMMODITY EXCHANGE INC.,86821,25530,42493,118307,163812,2017-01-03,61291,-75814
2017-01-10T00:00:00.000,SILVER - COMMODITY EXCHANGE INC.,88430,23829,41425,120362,165040,2017-01-10,64601,-78937
2017-01-17T00:00:00.000,SILVER - COMMODITY EXCHANGE INC.,90838,21356,45028,126764,172056,2017-01-17,69482,-81736
2017-01-24T00:00:00.000,SILVER - COMMODITY EXCHANGE INC.,92319,21298,47195,130279,177601,2017-01-24,71021,-83084
2017-01-31T00:00:00.000,SILVER - COMMODITY EXCHANGE INC.,96909,20935,49265,138678,186839,2017-01-31,75974,-89413
2017-02-07T00:00:00.000,SILVER - COMMODITY EXCHANGE INC.,98560,20283,50072,142784,193936,2017-02-07,78277,-92712
2017-02-14T00:00:00.000,SILVER - COMMODITY EXCHANGE INC.,104765,19953,48659,147686,195338,2017-02-14,84812,-99027
2017-02-21T00:00:00.000,SILVER - COMMODITY EXCHANGE INC.,108848,20831,51934,154167,208147,2017-02-21,88017,-102233
2017-02-28T00:00:00.000,SILVER - COMMODITY EXCHANGE INC.,115229,19806,50081,158091,197629,2017-02-28,95423,-108010
2017-03-07T00:00:00.000,SILVER - COMMODITY EXCHANGE INC.,113437,19984,46774,152636,192398,2017-03-07,93453,-105862
2017-03-14T00:00:00.000,SILVER - COMMODITY EXCHANGE INC.,102675,19797,46747,144746,186936,2017-03-14,82878,-97999
2017-03-21T00:00:00.000,SILVER - COMMODITY EXCHANGE INC.,100337,21225,48468,142202,190819,2017-03-21,79112,-93734
2017-03-28T00:00:00.000,SILVER - COMMODITY EXCHANGE INC.,112197,21509,48127,149894,201829,2017-03-28,90688,-101767
2017-04-04T00:00:00.000,SILVER - COMMODITY EXCHANGE INC.,126524,25142,47639,159985,219160,2017-04-04,101382,-112346
2017-04-11T00:00:00.000,SILVER - COMMODITY EXCHANGE INC.,131969,26454,46900,161314,220172,2017-04-11,105515,-114414
2017-04-18T00:00:00.000,SILVER - COMMODITY EXCHANGE INC.,128378,24491,46878,163710,227984,2017-04-18,103887,-116832
2017-04-25T00:00:00.000,SILVER - COMMODITY EXCHANGE INC.,121018,27405,43415,151504,214782,2017-04-25,93613,-108089
2017-05-02T00:00:00.000,SILVER - COMMODITY EXCHANGE INC.,101538,30171,43731,130305,189240,2017-05-02,71367,-86574
2017-05-09T00:00:00.000,SILVER - COMMODITY EXCHANGE INC.,94982,41327,48400,117669,196083,2017-05-09,53655,-69269
2017-05-16T00:00:00.000,SILVER - COMMODITY EXCHANGE INC.,100142,57138,55612,112949,215127,2017-05-16,43004,-57337
2017-05-23T00:00:00.000,SILVER - COMMODITY EXCHANGE INC.,96531,45358,53195,117182,203459,2017-05-23,51173,-63987
2017-05-30T00:00:00.000,SILVER - COMMODITY EXCHANGE INC.,96568,35154,52861,123943,205235,2017-05-30,61414,-71082
2017-06-06T00:00:00.000,SILVER - COMMODITY EXCHANGE INC.,101713,35772,52429,128053,208967,2017-06-06,65941,-75624
2017-06-13T00:00:00.000,SILVER - COMMODITY EXCHANGE INC.,102702,42044,51617,123530,201214,2017-06-13,60658,-71913
2017-06-20T00:00:00.000,SILVER - COMMODITY EXCHANGE INC.,96000,49319,56301,115135,199929,2017-06-20,46681,-58834
2017-06-27T00:00:00.000,SILVER - COMMODITY EXCHANGE INC.,93869,58337,59720,109928,204637,2017-06-27,35532,-50208
2017-07-03T00:00:00.000,SILVER - COMMODITY EXCHANGE INC.,91996,65721,61561,100789,203541,2017-07-03,26275,-39228
2017-07-11T00:00:00.000,SILVER - COMMODITY EXCHANGE INC.,91174,77169,65517,90084,207592,2017-07-11,14005,-24567
2017-07-18T00:00:00.000,SILVER - COMMODITY EXCHANGE INC.,90776,81400,66398,88312,209689,2017-07-18,9376,-21914
2017-07-25T00:00:00.000,SILVER - COMMODITY EXCHANGE INC.,90865,71448,63775,93307,206347,2017-07-25,19417,-29532
2017-08-01T00:00:00.000,SILVER - COMMODITY EXCHANGE INC.,92259,61500,60593,100260,207258,2017-08-01,30759,-39667
2017-08-08T00:00:00.000,SILVER - COMMODITY EXCHANGE INC.,91345,57481,59273,98834,195163,2017-08-08,33864,-39561
2017-08-15T00:00:00.000,SILVER - COMMODITY EXCHANGE INC.,91596,52745,55918,104006,187955,2017-08-15,38851,-48088
2017-08-22T00:00:00.000,SILVER - COMMODITY EXCHANGE INC.,91305,46759,55060,110109,187227,2017-08-22,44546,-55049
2017-08-29T00:00:00.000,SILVER - COMMODITY EXCHANGE INC.,92930,39285,51479,117067,182823,2017-08-29,53645,-65588
2017-09-05T00:00:00.000,SILVER - COMMODITY EXCHANGE INC.,96374,32203,47489,124177,183276,2017-09-05,64171,-76688
2017-09-12T00:00:00.000,SILVER - COMMODITY EXCHANGE INC.,102243,27256,45932,130613,188207,2017-09-12,74987,-84681
2017-09-19T00:00:00.000,SILVER - COMMODITY EXCHANGE INC.,99687,31884,47905,126313,192994,2017-09-19,67803,-78408
2017-09-26T00:00:00.000,SILVER - COMMODITY EXCHANGE INC.,91812,31552,49345,121611,186906,2017-09-26,60260,-72266
2017-10-03T00:00:00.000,SILVER - COMMODITY EXCHANGE INC.,91097,31918,46546,115263,183494,2017-10-03,59179,-68717
2017-10-10T00:00:00.000,SILVER - COMMODITY EXCHANGE INC.,92195,33087,46444,117052,188258,2017-10-10,59108,-70608
2017-10-17T00:00:00.000,SILVER - COMMODITY EXCHANGE INC.,94825,30910,46960,121873,191928,2017-10-17,63915,-74913
2017-10-24T00:00:00.000,SILVER - COMMODITY EXCHANGE INC.,95413,30293,49309,125814,193899,2017-10-24,65120,-76505
2017-10-31T00:00:00.000,SILVER - COMMODITY EXCHANGE INC.,95382,35230,51632,122660,198853,2017-10-31,60152,-71028
2017-11-07T00:00:00.000,SILVER - COMMODITY EXCHANGE INC.,99872,30970,52183,133824,203330,2017-11-07,68902,-81641
2017-11-14T00:00:00.000,SILVER - COMMODITY EXCHANGE INC.,98070,28897,51730,132178,199899,2017-11-14,69173,-80448
2017-11-21T00:00:00.000,SILVER - COMMODITY EXCHANGE INC.,98144,30503,52431,132867,199402,2017-11-21,67641,-80436
2017-11-28T00:00:00.000,SILVER - COMMODITY EXCHANGE INC.,90138,31356,52073,125148,186272,2017-11-28,58782,-73075
2017-12-05T00:00:00.000,SILVER - COMMODITY EXCHANGE INC.,84905,53479,61774,108128,192970,2017-12-05,31426,-46354
2017-12-12T00:00:00.000,SILVER - COMMODITY EXCHANGE INC.,77169,67255,75352,100181,202797,2017-12-12,9914,-24829
2017-12-19T00:00:00.000,SILVER - COMMODITY EXCHANGE INC.,77575,75106,76696,95317,203703,2017-12-19,2469,-18621
2017-12-26T00:00:00.000,SILVER - COMMODITY EXCHANGE INC.,74013,69365,77046,97785,200321,2017-12-26,4648,-20739
2018-01-02T00:00:00.000,SILVER - COMMODITY EXCHANGE INC.,75127,52377,70480,107672,192423,2018-01-02,22750,-37192
2018-01-09T00:00:00.000,SILVER - COMMODITY EXCHANGE INC.,84313,46278,67973,117915,195009,2018-01-09,38035,-49942
2018-01-16T00:00:00.000,SILVER - COMMODITY EXCHANGE INC.,79866,42654,68356,118499,196511,2018-01-16,37212,-50143
2018-01-23T00:00:00.000,SILVER - COMMODITY EXCHANGE INC.,76193,47112,72086,113583,199985,2018-01-23,29081,-41497
2018-01-30T00:00:00.000,SILVER - COMMODITY EXCHANGE INC.,72145,39723,68278,115569,198358,2018-01-30,32422,-47291
2018-02-06T00:00:00.000,SILVER - COMMODITY EXCHANGE INC.,63729,47189,75255,105896,205470,2018-02-06,16540,-30641
2018-02-13T00:00:00.000,SILVER - COMMODITY EXCHANGE INC.,64816,56105,80026,101974,194056,2018-02-13,8711,-21948
2018-02-20T00:00:00.000,SILVER - COMMODITY EXCHANGE INC.,63200,57880,86061,105506,203629,2018-02-20,5320,-19445
2018-02-27T00:00:00.000,SILVER - COMMODITY EXCHANGE INC.,63023,64531,82138,96601,193343,2018-02-27,-1508,-14463
2018-03-06T00:00:00.000,SILVER - COMMODITY EXCHANGE INC.,68686,62500,74760,96570,196590,2018-03-06,6186,-21810
2018-03-13T00:00:00.000,SILVER - COMMODITY EXCHANGE INC.,66707,63760,75362,94635,200094,2018-03-13,2947,-19273
2018-03-20T00:00:00.000,SILVER - COMMODITY EXCHANGE INC.,63813,76329,84080,87789,216042,2018-03-20,-12516,-3709
2018-03-27T00:00:00.000,SILVER - COMMODITY EXCHANGE INC.,60786,74443,82087,89439,219518,2018-03-27,-13657,-7352
2018-04-03T00:00:00.000,SILVER - COMMODITY EXCHANGE INC.,65969,82934,86416,89053,232682,2018-04-03,-16965,-2637
2018-04-10T00:00:00.000,SILVER - COMMODITY EXCHANGE INC.,65033,79866,83340,87918,227175,2018-04-10,-14833,-4578
2018-04-17T00:00:00.000,SILVER - COMMODITY EXCHANGE INC.,66609,66696,76300,93255,214297,2018-04-17,-87,-16955
2018-04-24T00:00:00.000,SILVER - COMMODITY EXCHANGE INC.,67802,55835,75386,106951,201707,2018-04-24,11967,-31565
2018-05-01T00:00:00.000,SILVER - COMMODITY EXCHANGE INC.,68528,75724,78011,89989,194685,2018-05-01,-7196,-11978
2018-05-08T00:00:00.000,SILVER - COMMODITY EXCHANGE INC.,72713,72834,77127,94204,195865,2018-05-08,-121,-17077
2018-05-15T00:00:00.000,SILVER - COMMODITY EXCHANGE INC.,72663,72005,78406,96472,198065,2018-05-15,658,-18066
2018-05-22T00:00:00.000,SILVER - COMMODITY EXCHANGE INC.,78007,62782,76516,107939,198248,2018-05-22,15225,-31423
2018-05-29T00:00:00.000,SILVER - COMMODITY EXCHANGE INC.,83066,65613,77447,112744,207610,2018-05-29,17453,-35297
2018-06-05T00:00:00.000,SILVER - COMMODITY EXCHANGE INC.,85070,65636,75763,113310,211605,2018-06-05,19434,-37547
2018-06-12T00:00:00.000,SILVER - COMMODITY EXCHANGE INC.,101133,51403,70970,138352,230163,2018-06-12,49730,-67382
2018-06-19T00:00:00.000,SILVER - COMMODITY EXCHANGE INC.,95323,54421,71799,130340,218814,2018-06-19,40902,-58541
2018-06-26T00:00:00.000,SILVER - COMMODITY EXCHANGE INC.,93565,59344,73397,122428,218492,2018-06-26,34221,-49031
2018-07-03T00:00:00.000,SILVER - COMMODITY EXCHANGE INC.,92678,67996,72877,111432,205622,2018-07-03,24682,-38555
2018-07-10T00:00:00.000,SILVER - COMMODITY EXCHANGE INC.,90598,66899,72068,110668,207701,2018-07-10,23699,-38600
2018-07-17T00:00:00.000,SILVER - COMMODITY EXCHANGE INC.,87176,78294,74948,100013,212527,2018-07-17,8882,-25065
2018-07-24T00:00:00.000,SILVER - COMMODITY EXCHANGE INC.,88025,84487,76088,96113,214596,2018-07-24,3538,-20025
2018-07-31T00:00:00.000,SILVER - COMMODITY EXCHANGE INC.,89616,83752,77534,101683,226512,2018-07-31,5864,-24149
2018-08-07T00:00:00.000,SILVER - COMMODITY EXCHANGE INC.,93016,88675,79490,101608,235440,2018-08-07,4341,-22118
2018-08-14T00:00:00.000,SILVER - COMMODITY EXCHANGE INC.,93346,96182,84657,97033,240038,2018-08-14,-2836,-12376
2018-08-21T00:00:00.000,SILVER - COMMODITY EXCHANGE INC.,91428,98586,91362,98780,244196,2018-08-21,-7158,-7418
2018-08-28T00:00:00.000,SILVER - COMMODITY EXCHANGE INC.,86540,103138,87538,86121,227329,2018-08-28,-16598,1417
2018-09-04T00:00:00.000,SILVER - COMMODITY EXCHANGE INC.,83061,112035,81421,66808,212391,2018-09-04,-28974,14613
2018-09-11T00:00:00.000,SILVER - COMMODITY EXCHANGE INC.,81095,108498,78140,65766,208969,2018-09-11,-27403,12374
2018-09-18T00:00:00.000,SILVER - COMMODITY EXCHANGE INC.,80024,105540,77147,68313,205469,2018-09-18,-25516,8834
2018-09-25T00:00:00.000,SILVER - COMMODITY EXCHANGE INC.,79198,102453,76039,70653,204508,2018-09-25,-23255,5386
2018-10-02T00:00:00.000,SILVER - COMMODITY EXCHANGE INC.,75937,93435,76734,77746,200173,2018-10-02,-17498,-1012
2018-10-09T00:00:00.000,SILVER - COMMODITY EXCHANGE INC.,72135,94385,78165,74610,199853,2018-10-09,-22250,3555
2018-10-16T00:00:00.000,SILVER - COMMODITY EXCHANGE INC.,72203,87030,77622,82446,199398,2018-10-16,-14827,-4824
2018-10-23T00:00:00.000,SILVER - COMMODITY EXCHANGE INC.,75016,80195,76579,89841,199746,2018-10-23,-5179,-13262
2018-10-30T00:00:00.000,SILVER - COMMODITY EXCHANGE INC.,76053,84523,82398,92158,208976,2018-10-30,-8470,-9760
2018-11-06T00:00:00.000,SILVER - COMMODITY EXCHANGE INC.,73117,75587,78778,98069,213566,2018-11-06,-2470,-19291
2018-11-13T00:00:00.000,SILVER - COMMODITY EXCHANGE INC.,74618,91763,82163,87110,224346,2018-11-13,-17145,-4947
2018-11-20T00:00:00.000,SILVER - COMMODITY EXCHANGE INC.,71646,82374,83855,90749,223049,2018-11-20,-10728,-6894
2018-11-27T00:00:00.000,SILVER - COMMODITY EXCHANGE INC.,67813,78779,80490,89331,199783,2018-11-27,-10966,-8841
2018-12-04T00:00:00.000,SILVER - COMMODITY EXCHANGE INC.,69314,69949,67785,83203,179909,2018-12-04,-635,-15418
2018-12-11T00:00:00.000,SILVER - COMMODITY EXCHANGE INC.,71136,59880,64282,92161,174071,2018-12-11,11256,-27879
2018-12-18T00:00:00.000,SILVER - COMMODITY EXCHANGE INC.,74023,54192,61045,96521,172860,2018-12-18,19831,-35476
2018-12-24T00:00:00.000,SILVER - COMMODITY EXCHANGE INC.,77314,51764,59612,99481,173685,2018-12-24,25550,-39869
2018-12-31T00:00:00.000,SILVER - COMMODITY EXCHANGE INC.,83022,38063,56481,114335,176159,2018-12-31,44959,-57854
2019-01-08T00:00:00.000,SILVER - COMMODITY EXCHANGE INC.,86786,32763,60851,129642,186506,2019-01-08,54023,-68791
2019-01-15T00:00:00.000,SILVER - COMMODITY EXCHANGE INC.,85959,33784,63464,135154,191922,2019-01-15,52175,-71690
2019-01-22T00:00:00.000,SILVER - COMMODITY EXCHANGE INC.,83303,35147,64325,129257,188674,2019-01-22,48156,-64932
2019-01-29T00:00:00.000,SILVER - COMMODITY EXCHANGE INC.,86074,31791,65398,137860,194895,2019-01-29,54283,-72462
2019-02-05T00:00:00.000,SILVER - COMMODITY EXCHANGE INC.,89868,32773,68031,146235,207101,2019-02-05,57095,-78204
2019-02-12T00:00:00.000,SILVER - COMMODITY EXCHANGE INC.,89722,36519,79633,155127,217925,2019-02-12,53203,-75494
2019-02-19T00:00:00.000,SILVER - COMMODITY EXCHANGE INC.,89135,38866,80913,154787,220822,2019-02-19,50269,-73874
2019-02-26T00:00:00.000,SILVER - COMMODITY EXCHANGE INC.,90971,32658,72192,150361,206447,2019-02-26,58313,-78169
2019-03-05T00:00:00.000,SILVER - COMMODITY EXCHANGE INC.,76954,44433,70314,122555,190024,2019-03-05,32521,-52241
2019-03-12T00:00:00.000,SILVER - COMMODITY EXCHANGE INC.,76183,49101,69170,115431,189768,2019-03-12,27082,-46261
2019-03-19T00:00:00.000,SILVER - COMMODITY EXCHANGE INC.,75196,51886,70131,113831,189124,2019-03-19,23310,-43700
2019-03-26T00:00:00.000,SILVER - COMMODITY EXCHANGE INC.,76541,49864,70719,117435,192676,2019-03-26,26677,-46716
2019-04-02T00:00:00.000,SILVER - COMMODITY EXCHANGE INC.,78993,62210,72376,106734,199592,2019-04-02,16783,-34358
2019-04-09T00:00:00.000,SILVER - COMMODITY EXCHANGE INC.,76410,59992,78785,116547,208784,2019-04-09,16418,-37762
2019-04-16T00:00:00.000,SILVER - COMMODITY EXCHANGE INC.,76033,70148,94236,117908,224783,2019-04-16,5885,-23672
2019-04-23T00:00:00.000,SILVER - COMMODITY EXCHANGE INC.,75889,75999,90400,110392,219113,2019-04-23,-110,-19992
2019-04-30T00:00:00.000,SILVER - COMMODITY EXCHANGE INC.,77120,74984,75855,97215,196610,2019-04-30,2136,-21360
2019-05-07T00:00:00.000,SILVER - COMMODITY EXCHANGE INC.,77346,78303,77749,94408,199467,2019-05-07,-957,-16659
2019-05-14T00:00:00.000,SILVER - COMMODITY EXCHANGE INC.,77542,79751,79189,91967,203788,2019-05-14,-2209,-12778
2019-05-21T00:00:00.000,SILVER - COMMODITY EXCHANGE INC.,75482,90144,83301,88484,210356,2019-05-21,-14662,-5183
2019-05-28T00:00:00.000,SILVER - COMMODITY EXCHANGE INC.,73663,96072,87083,85968,217605,2019-05-28,-22409,1115
2019-06-04T00:00:00.000,SILVER - COMMODITY EXCHANGE INC.,76653,85096,82484,94773,216145,2019-06-04,-8443,-12289
2019-06-11T00:00:00.000,SILVER - COMMODITY EXCHANGE INC.,85225,82565,85922,111113,226513,2019-06-11,2660,-25191
2019-06-18T00:00:00.000,SILVER - COMMODITY EXCHANGE INC.,93275,78759,90242,124729,239466,2019-06-18,14516,-34487
2019-06-25T00:00:00.000,SILVER - COMMODITY EXCHANGE INC.,97573,67008,80049,133601,229007,2019-06-25,30565,-53552
2019-07-02T00:00:00.000,SILVER - COMMODITY EXCHANGE INC.,99739,69284,75576,127639,221224,2019-07-02,30455,-52063
2019-07-09T00:00:00.000,SILVER - COMMODITY EXCHANGE INC.,96080,70929,75714,120991,218493,2019-07-09,25151,-45277
2019-07-16T00:00:00.000,SILVER - COMMODITY EXCHANGE INC.,100449,63024,75284,134641,229465,2019-07-16,37425,-59357
2019-07-23T00:00:00.000,SILVER - COMMODITY EXCHANGE INC.,110129,55368,71168,147306,234735,2019-07-23,54761,-76138
2019-07-30T00:00:00.000,SILVER - COMMODITY EXCHANGE INC.,111282,46985,73649,157565,239059,2019-07-30,64297,-83916
2019-08-06T00:00:00.000,SILVER - COMMODITY EXCHANGE INC.,106034,56202,77974,153240,239290,2019-08-06,49832,-75266
2019-08-13T00:00:00.000,SILVER - COMMODITY EXCHANGE INC.,97520,58251,85877,151110,233839,2019-08-13,39269,-65233
2019-08-20T00:00:00.000,SILVER - COMMODITY EXCHANGE INC.,95987,49273,84338,155201,238086,2019-08-20,46714,-70863
2019-08-27T00:00:00.000,SILVER - COMMODITY EXCHANGE INC.,103488,43636,79050,160731,239970,2019-08-27,59852,-81681
2019-09-03T00:00:00.000,SILVER - COMMODITY EXCHANGE INC.,104977,42852,73728,158406,225688,2019-09-03,62125,-84678
2019-09-10T00:00:00.000,SILVER - COMMODITY EXCHANGE INC.,100413,40182,71511,156279,217433,2019-09-10,60231,-84768
2019-09-17T00:00:00.000,SILVER - COMMODITY EXCHANGE INC.,94625,38647,73993,151540,212514,2019-09-17,55978,-77547
2019-09-24T00:00:00.000,SILVER - COMMODITY EXCHANGE INC.,94002,43273,74207,149986,215217,2019-09-24,50729,-75779
2019-10-01T00:00:00.000,SILVER - COMMODITY EXCHANGE INC.,89967,40152,73357,147138,212266,2019-10-01,49815,-73781
2019-10-08T00:00:00.000,SILVER - COMMODITY EXCHANGE INC.,90092,39338,73677,150583,213968,2019-10-08,50754,-76906
2019-10-15T00:00:00.000,SILVER - COMMODITY EXCHANGE INC.,85088,41099,74855,145342,210916,2019-10-15,43989,-70487
2019-10-22T00:00:00.000,SILVER - COMMODITY EXCHANGE INC.,89747,43004,75366,147389,214529,2019-10-22,46743,-72023
2019-10-29T00:00:00.000,SILVER - COMMODITY EXCHANGE INC.,95368,41690,74038,142083,221384,2019-10-29,53678,-68045
2019-11-05T00:00:00.000,SILVER - COMMODITY EXCHANGE INC.,97174,49177,75937,150919,227509,2019-11-05,47997,-74982
2019-11-12T00:00:00.000,SILVER - COMMODITY EXCHANGE INC.,89327,51963,81555,143447,222122,2019-11-12,37364,-61892
2019-11-19T00:00:00.000,SILVER - COMMODITY EXCHANGE INC.,89898,45182,78576,145125,221707,2019-11-19,44716,-66549
2019-11-26T00:00:00.000,SILVER - COMMODITY EXCHANGE INC.,90895,38385,69422,143295,209603,2019-11-26,52510,-73873
2019-12-03T00:00:00.000,SILVER - COMMODITY EXCHANGE INC.,89241,39014,66399,140698,205807,2019-12-03,50227,-74299
2019-12-10T00:00:00.000,SILVER - COMMODITY EXCHANGE INC.,85617,44875,67583,130730,202258,2019-12-10,40742,-63147
2019-12-17T00:00:00.000,SILVER - COMMODITY EXCHANGE INC.,88215,42434,67638,138596,206302,2019-12-17,45781,-70958
2019-12-24T00:00:00.000,SILVER - COMMODITY EXCHANGE INC.,101030,38608,68772,154099,223046,2019-12-24,62422,-85327
2019-12-31T00:00:00.000,SILVER - COMMODITY EXCHANGE INC.,106310,36582,64730,161382,229680,2019-12-31,69728,-96652
2020-01-07T00:00:00.000,SILVER - COMMODITY EXCHANGE INC.,109224,41971,66666,157840,234324,2020-01-07,67253,-91174
2020-01-14T00:00:00.000,SILVER - COMMODITY EXCHANGE INC.,110762,43389,64104,156461,234639,2020-01-14,67373,-92357
2020-01-21T00:00:00.000,SILVER - COMMODITY EXCHANGE INC.,109144,40269,63830,158058,233858,2020-01-21,68875,-94228
2020-01-28T00:00:00.000,SILVER - COMMODITY EXCHANGE INC.,105637,42220,65248,154419,231933,2020-01-28,63417,-89171
2020-02-04T00:00:00.000,SILVER - COMMODITY EXCHANGE INC.,97078,29275,66390,157746,224936,2020-02-04,67803,-91356
2020-02-11T00:00:00.000,SILVER - COMMODITY EXCHANGE INC.,96395,28758,68930,161387,221858,2020-02-11,67637,-92457
2020-02-18T00:00:00.000,SILVER - COMMODITY EXCHANGE INC.,107940,30063,69992,170773,238077,2020-02-18,77877,-100781
2020-02-25T00:00:00.000,SILVER - COMMODITY EXCHANGE INC.,107490,32697,70697,170057,238970,2020-02-25,74793,-99360
2020-03-03T00:00:00.000,SILVER - COMMODITY EXCHANGE INC.,82570,34267,69143,137587,196909,2020-03-03,48303,-68444
2020-03-10T00:00:00.000,SILVER - COMMODITY EXCHANGE INC.,75117,30170,71377,131713,187060,2020-03-10,44947,-60336
2020-03-17T00:00:00.000,SILVER - COMMODITY EXCHANGE INC.,61215,19247,66031,120678,166682,2020-03-17,41968,-54647
2020-03-24T00:00:00.000,SILVER - COMMODITY EXCHANGE INC.,53077,19390,64915,109595,150700,2020-03-24,33687,-44680
2020-03-31T00:00:00.000,SILVER - COMMODITY EXCHANGE INC.,47050,16172,64811,106111,139256,2020-03-31,30878,-41300
2020-04-07T00:00:00.000,SILVER - COMMODITY EXCHANGE INC.,46471,16754,63121,106108,138974,2020-04-07,29717,-42987
2020-04-14T00:00:00.000,SILVER - COMMODITY EXCHANGE INC.,48003,17449,64266,107722,143477,2020-04-14,30554,-43456
2020-04-21T00:00:00.000,SILVER - COMMODITY EXCHANGE INC.,46688,18180,63216,102551,139607,2020-04-21,28508,-39335
2020-04-28T00:00:00.000,SILVER - COMMODITY EXCHANGE INC.,45020,19515,62881,99738,138349,2020-04-28,25505,-36857
2020-05-05T00:00:00.000,SILVER - COMMODITY EXCHANGE INC.,44052,21137,60917,94865,132573,2020-05-05,22915,-33948
2020-05-12T00:00:00.000,SILVER - COMMODITY EXCHANGE INC.,44757,18984,59195,99876,135987,2020-05-12,25773,-40681
2020-05-19T00:00:00.000,SILVER - COMMODITY EXCHANGE INC.,54391,23463,64331,109220,151890,2020-05-19,30928,-44889
2020-05-26T00:00:00.000,SILVER - COMMODITY EXCHANGE INC.,61525,24336,63923,114515,158185,2020-05-26,37189,-50592
2020-06-02T00:00:00.000,SILVER - COMMODITY EXCHANGE INC.,64997,27773,67850,121797,169670,2020-06-02,37224,-53947
2020-06-09T00:00:00.000,SILVER - COMMODITY EXCHANGE INC.,65660,32295,69696,119867,175240,2020-06-09,33365,-50171
2020-06-16T00:00:00.000,SILVER - COMMODITY EXCHANGE INC.,66664,30042,70308,119338,174386,2020-06-16,36622,-49030
2020-06-23T00:00:00.000,SILVER - COMMODITY EXCHANGE INC.,71859,33936,69758,120595,183444,2020-06-23,37923,-50837
2020-06-30T00:00:00.000,SILVER - COMMODITY EXCHANGE INC.,78746,41145,56406,106680,169418,2020-06-30,37601,-50274
2020-07-07T00:00:00.000,SILVER - COMMODITY EXCHANGE INC.,80741,42916,52444,105086,169513,2020-07-07,37825,-52642
2020-07-14T00:00:00.000,SILVER - COMMODITY EXCHANGE INC.,85679,41810,52696,112891,178367,2020-07-14,43869,-60195
2020-07-21T00:00:00.000,SILVER - COMMODITY EXCHANGE INC.,90010,43255,54095,116064,185745,2020-07-21,46755,-61969
2020-07-28T00:00:00.000,SILVER - COMMODITY EXCHANGE INC.,74401,47093,60398,107882,184020,2020-07-28,27308,-47484
2020-08-04T00:00:00.000,SILVER - COMMODITY EXCHANGE INC.,75498,45609,64304,115474,205527,2020-08-04,29889,-51170
2020-08-11T00:00:00.000,SILVER - COMMODITY EXCHANGE INC.,67428,43860,67658,113318,198069,2020-08-11,23568,-45660
2020-08-18T00:00:00.000,SILVER - COMMODITY EXCHANGE INC.,71283,44727,69141,113269,194897,2020-08-18,26556,-44128
2020-08-25T00:00:00.000,SILVER - COMMODITY EXCHANGE INC.,74311,42974,61444,109226,187631,2020-08-25,31337,-47782
2020-09-01T00:00:00.000,SILVER - COMMODITY EXCHANGE INC.,76346,42874,55051,106835,166449,2020-09-01,33472,-51784
2020-09-08T00:00:00.000,SILVER - COMMODITY EXCHANGE INC.,73019,39539,53676,102795,158991,2020-09-08,33480,-49119
2020-09-15T00:00:00.000,SILVER - COMMODITY EXCHANGE INC.,77004,38655,51418,107425,162397,2020-09-15,38349,-56007
2020-09-22T00:00:00.000,SILVER - COMMODITY EXCHANGE INC.,75009,36062,50232,103466,157908,2020-09-22,38947,-53234
2020-09-29T00:00:00.000,SILVER - COMMODITY EXCHANGE INC.,74631,33901,51503,104702,157308,2020-09-29,40730,-53199
2020-10-06T00:00:00.000,SILVER - COMMODITY EXCHANGE INC.,75358,34101,49407,105603,155484,2020-10-06,41257,-56196
2020-10-13T00:00:00.000,SILVER - COMMODITY EXCHANGE INC.,76920,36132,49700,106648,158203,2020-10-13,40788,-56948
2020-10-20T00:00:00.000,SILVER - COMMODITY EXCHANGE INC.,76946,32220,49016,108516,157845,2020-10-20,44726,-59500
2020-10-27T00:00:00.000,SILVER - COMMODITY EXCHANGE INC.,76652,32021,50389,109475,160550,2020-10-27,44631,-59086
2020-11-03T00:00:00.000,SILVER - COMMODITY EXCHANGE INC.,72516,27175,47860,107191,153267,2020-11-03,45341,-59331
2020-11-10T00:00:00.000,SILVER - COMMODITY EXCHANGE INC.,72544,26716,49658,109200,155011,2020-11-10,45828,-59542
2020-11-17T00:00:00.000,SILVER - COMMODITY EXCHANGE INC.,75632,30018,49095,110771,160972,2020-11-17,45614,-61676
2020-11-24T00:00:00.000,SILVER - COMMODITY EXCHANGE INC.,74771,29091,49577,109737,162092,2020-11-24,45680,-60160
2020-12-01T00:00:00.000,SILVER - COMMODITY EXCHANGE INC.,77023,29131,45567,107452,152372,2020-12-01,47892,-61885
2020-12-08T00:00:00.000,SILVER - COMMODITY EXCHANGE INC.,79310,30934,41771,108693,154821,2020-12-08,48376,-66922
2020-12-15T00:00:00.000,SILVER - COMMODITY EXCHANGE INC.,80689,31177,41702,110692,158268,2020-12-15,49512,-68990
2020-12-21T00:00:00.000,SILVER - COMMODITY EXCHANGE INC.,90473,33184,42591,119749,171398,2020-12-21,57289,-77158
2020-12-29T00:00:00.000,SILVER - COMMODITY EXCHANGE INC.,88868,34089,42244,118070,170057,2020-12-29,54779,-75826
2021-01-05T00:00:00.000,SILVER - COMMODITY EXCHANGE INC.,90777,35226,42825,120339,176005,2021-01-05,55551,-77514
2021-01-12T00:00:00.000,SILVER - COMMODITY EXCHANGE INC.,87905,35113,42147,112133,170033,2021-01-12,52792,-69986
2021-01-19T00:00:00.000,SILVER - COMMODITY EXCHANGE INC.,84009,32007,41109,111425,166896,2021-01-19,52002,-70316
2021-01-26T00:00:00.000,SILVER - COMMODITY EXCHANGE INC.,84444,29984,41135,114547,167880,2021-01-26,54460,-73412
2021-02-02T00:00:00.000,SILVER - COMMODITY EXCHANGE INC.,80634,29225,45782,119636,179786,2021-02-02,51409,-73854
2021-02-09T00:00:00.000,SILVER - COMMODITY EXCHANGE INC.,80133,30590,48818,121638,179288,2021-02-09,49543,-72820
2021-02-16T00:00:00.000,SILVER - COMMODITY EXCHANGE INC.,81648,31824,50829,122217,183544,2021-02-16,49824,-71388
2021-02-23T00:00:00.000,SILVER - COMMODITY EXCHANGE INC.,78710,31067,46268,116710,172392,2021-02-23,47643,-70442
2021-03-02T00:00:00.000,SILVER - COMMODITY EXCHANGE INC.,74925,35309,45896,105096,158349,2021-03-02,39616,-59200
2021-03-09T00:00:00.000,SILVER - COMMODITY EXCHANGE INC.,71445,35296,47998,103166,155425,2021-03-09,36149,-55168
2021-03-16T00:00:00.000,SILVER - COMMODITY EXCHANGE INC.,70658,37049,50087,102864,159092,2021-03-16,33609,-52777
2021-03-23T00:00:00.000,SILVER - COMMODITY EXCHANGE INC.,70257,39178,51442,101044,160437,2021-03-23,31079,-49602
2021-03-30T00:00:00.000,SILVER - COMMODITY EXCHANGE INC.,66502,37532,52310,97471,154987,2021-03-30,28970,-45161
2021-04-06T00:00:00.000,SILVER - COMMODITY EXCHANGE INC.,67245,34930,49415,100000,154593,2021-04-06,32315,-50585
2021-04-13T00:00:00.000,SILVER - COMMODITY EXCHANGE INC.,69429,33005,51505,107007,164066,2021-04-13,36424,-55502
2021-04-20T00:00:00.000,SILVER - COMMODITY EXCHANGE INC.,75167,33486,53628,114745,169420,2021-04-20,41681,-61117
2021-04-27T00:00:00.000,SILVER - COMMODITY EXCHANGE INC.,76380,33539,54556,118308,172470,2021-04-27,42841,-63752
2021-05-04T00:00:00.000,SILVER - COMMODITY EXCHANGE INC.,78858,30991,49532,118077,167073,2021-05-04,47867,-68545
2021-05-11T00:00:00.000,SILVER - COMMODITY EXCHANGE INC.,86397,33554,50873,124148,178250,2021-05-11,52843,-73275
2021-05-18T00:00:00.000,SILVER - COMMODITY EXCHANGE INC.,86640,35659,50722,125083,181606,2021-05-18,50981,-74361
2021-05-25T00:00:00.000,SILVER - COMMODITY EXCHANGE INC.,86013,35531,51487,123761,180830,2021-05-25,50482,-72274
2021-06-01T00:00:00.000,SILVER - COMMODITY EXCHANGE INC.,84400,36883,52300,123782,182312,2021-06-01,47517,-71482
2021-06-08T00:00:00.000,SILVER - COMMODITY EXCHANGE INC.,83378,33572,54818,124931,184841,2021-06-08,49806,-70113
2021-06-15T00:00:00.000,SILVER - COMMODITY EXCHANGE INC.,88591,36527,61399,132403,194268,2021-06-15,52064,-71004
2021-06-22T00:00:00.000,SILVER - COMMODITY EXCHANGE INC.,73841,33970,59243,116925,175703,2021-06-22,39871,-57682
2021-06-29T00:00:00.000,SILVER - COMMODITY EXCHANGE INC.,71855,30378,48274,105382,157119,2021-06-29,41477,-57108
2021-07-06T00:00:00.000,SILVER - COMMODITY EXCHANGE INC.,76790,32302,43915,107012,157216,2021-07-06,44488,-63097
2021-07-13T00:00:00.000,SILVER - COMMODITY EXCHANGE INC.,74247,30558,43326,104194,154699,2021-07-13,43689,-60868
2021-07-20T00:00:00.000,SILVER - COMMODITY EXCHANGE INC.,70286,32811,43900,96442,151763,2021-07-20,37475,-52542
2021-07-27T00:00:00.000,SILVER - COMMODITY EXCHANGE INC.,66733,35516,45816,92725,150814,2021-07-27,31217,-46909
2021-08-03T00:00:00.000,SILVER - COMMODITY EXCHANGE INC.,66192,30053,42659,94828,146196,2021-08-03,36139,-52169
2021-08-10T00:00:00.000,SILVER - COMMODITY EXCHANGE INC.,64379,39905,51825,91673,154491,2021-08-10,24474,-39848
2021-08-17T00:00:00.000,SILVER - COMMODITY EXCHANGE INC.,63390,42170,55831,91321,153825,2021-08-17,21220,-35490
2021-08-24T00:00:00.000,SILVER - COMMODITY EXCHANGE INC.,63311,41450,50674,86800,149847,2021-08-24,21861,-36126
2021-08-31T00:00:00.000,SILVER - COMMODITY EXCHANGE INC.,62935,40604,45248,83215,140937,2021-08-31,22331,-37967
2021-09-07T00:00:00.000,SILVER - COMMODITY EXCHANGE INC.,63879,35323,42561,85813,139187,2021-09-07,28556,-43252
2021-09-14T00:00:00.000,SILVER - COMMODITY EXCHANGE INC.,64827,38151,42909,83065,140540,2021-09-14,26676,-40156
2021-09-21T00:00:00.000,SILVER - COMMODITY EXCHANGE INC.,66708,51073,45282,73337,145537,2021-09-21,15635,-28055
2021-09-28T00:00:00.000,SILVER - COMMODITY EXCHANGE INC.,64490,47785,44202,72850,142163,2021-09-28,16705,-28648
2021-10-05T00:00:00.000,SILVER - COMMODITY EXCHANGE INC.,63957,47578,43573,71351,139763,2021-10-05,16379,-27778
2021-10-12T00:00:00.000,SILVER - COMMODITY EXCHANGE INC.,63488,45501,43055,73347,139403,2021-10-12,17987,-30292
2021-10-19T00:00:00.000,SILVER - COMMODITY EXCHANGE INC.,66572,36216,40556,85136,143664,2021-10-19,30356,-44580
2021-10-26T00:00:00.000,SILVER - COMMODITY EXCHANGE INC.,66677,29145,39289,90793,141581,2021-10-26,37532,-51504
2021-11-02T00:00:00.000,SILVER - COMMODITY EXCHANGE INC.,64502,31387,41473,90333,141394,2021-11-02,33115,-48860
2021-11-09T00:00:00.000,SILVER - COMMODITY EXCHANGE INC.,65013,28098,43811,97480,144370,2021-11-09,36915,-53669
2021-11-16T00:00:00.000,SILVER - COMMODITY EXCHANGE INC.,73944,28319,40998,107146,152404,2021-11-16,45625,-66148
2021-11-23T00:00:00.000,SILVER - COMMODITY EXCHANGE INC.,68478,28373,41120,98118,149642,2021-11-23,40105,-56998
2021-11-30T00:00:00.000,SILVER - COMMODITY EXCHANGE INC.,62678,24244,40107,92116,138003,2021-11-30,38434,-52009
2021-12-07T00:00:00.000,SILVER - COMMODITY EXCHANGE INC.,62930,33097,39369,82517,136572,2021-12-07,29833,-43148
2021-12-14T00:00:00.000,SILVER - COMMODITY EXCHANGE INC.,63669,41685,43477,79332,142384,2021-12-14,21984,-35855
2021-12-21T00:00:00.000,SILVER - COMMODITY EXCHANGE INC.,62070,41144,42742,79141,141119,2021-12-21,20926,-36399
2021-12-28T00:00:00.000,SILVER - COMMODITY EXCHANGE INC.,63873,37415,41386,83314,141246,2021-12-28,26458,-41928
2022-01-04T00:00:00.000,SILVER - COMMODITY EXCHANGE INC.,65108,34189,39892,83865,139521,2022-01-04,30919,-43973
2022-01-11T00:00:00.000,SILVER - COMMODITY EXCHANGE INC.,66193,38645,46451,83811,144442,2022-01-11,27548,-37360
2022-01-18T00:00:00.000,SILVER - COMMODITY EXCHANGE INC.,65985,36285,50331,91871,148737,2022-01-18,29700,-41540
2022-01-25T00:00:00.000,SILVER - COMMODITY EXCHANGE INC.,63923,31782,50135,97819,151779,2022-01-25,32141,-47684
2022-02-01T00:00:00.000,SILVER - COMMODITY EXCHANGE INC.,60723,38605,52970,88233,149136,2022-02-01,22118,-35263
2022-02-08T00:00:00.000,SILVER - COMMODITY EXCHANGE INC.,56905,37606,52943,85514,147379,2022-02-08,19299,-32571
2022-02-15T00:00:00.000,SILVER - COMMODITY EXCHANGE INC.,56911,33355,56394,92742,156968,2022-02-15,23556,-36348
2022-02-22T00:00:00.000,SILVER - COMMODITY EXCHANGE INC.,58830,28528,55747,99467,163745,2022-02-22,30302,-43720
2022-03-01T00:00:00.000,SILVER - COMMODITY EXCHANGE INC.,71235,26287,51440,108590,157391,2022-03-01,44948,-57150
2022-03-08T00:00:00.000,SILVER - COMMODITY EXCHANGE INC.,76565,24268,48816,118425,168283,2022-03-08,52297,-69609
2022-03-15T00:00:00.000,SILVER - COMMODITY EXCHANGE INC.,74044,22490,44324,111903,159571,2022-03-15,51554,-67579
2022-03-22T00:00:00.000,SILVER - COMMODITY EXCHANGE INC.,69279,21332,44270,108827,155456,2022-03-22,47947,-64557
2022-03-29T00:00:00.000,SILVER - COMMODITY EXCHANGE INC.,65917,17677,44589,105961,147370,2022-03-29,48240,-61372
2022-04-05T00:00:00.000,SILVER - COMMODITY EXCHANGE INC.,64936,19902,45922,105958,148526,2022-04-05,45034,-60036
2022-04-12T00:00:00.000,SILVER - COMMODITY EXCHANGE INC.,66356,20370,51139,114829,158813,2022-04-12,45986,-63690
2022-04-19T00:00:00.000,SILVER - COMMODITY EXCHANGE INC.,69088,22659,54719,118007,170577,2022-04-19,46429,-63288
2022-04-26T00:00:00.000,SILVER - COMMODITY EXCHANGE INC.,56782,21376,50176,98959,145538,2022-04-26,35406,-48783
2022-05-03T00:00:00.000,SILVER - COMMODITY EXCHANGE INC.,56764,28696,50184,89501,137692,2022-05-03,28068,-39317
2022-05-10T00:00:00.000,SILVER - COMMODITY EXCHANGE INC.,59829,40747,52637,83156,142752,2022-05-10,19082,-30519
2022-05-17T00:00:00.000,SILVER - COMMODITY EXCHANGE INC.,59857,43743,54287,79128,144534,2022-05-17,16114,-24841
2022-05-24T00:00:00.000,SILVER - COMMODITY EXCHANGE INC.,58748,44645,56910,80207,146456,2022-05-24,14103,-23297
2022-05-31T00:00:00.000,SILVER - COMMODITY EXCHANGE INC.,55545,41548,56447,80308,147301,2022-05-31,13997,-23861
2022-06-07T00:00:00.000,SILVER - COMMODITY EXCHANGE INC.,54899,37495,54707,82697,148294,2022-06-07,17404,-27990
2022-06-14T00:00:00.000,SILVER - COMMODITY EXCHANGE INC.,57216,43211,60161,82208,151978,2022-06-14,14005,-22047
2022-06-21T00:00:00.000,SILVER - COMMODITY EXCHANGE INC.,54451,36032,54828,82078,145356,2022-06-21,18419,-27250
2022-06-28T00:00:00.000,SILVER - COMMODITY EXCHANGE INC.,52932,42041,55406,73891,135775,2022-06-28,10891,-18485
2022-07-05T00:00:00.000,SILVER - COMMODITY EXCHANGE INC.,54841,49702,56137,67759,140463,2022-07-05,5139,-11622
2022-07-12T00:00:00.000,SILVER - COMMODITY EXCHANGE INC.,54744,51540,57865,67477,142259,2022-07-12,3204,-9612
2022-07-19T00:00:00.000,SILVER - COMMODITY EXCHANGE INC.,56187,54827,58430,66643,145247,2022-07-19,1360,-8213
2022-07-26T00:00:00.000,SILVER - COMMODITY EXCHANGE INC.,54671,59171,62080,64733,147784,2022-07-26,-4500,-2653
2022-08-02T00:00:00.000,SILVER - COMMODITY EXCHANGE INC.,49220,48246,55536,64600,136267,2022-08-02,974,-9064
2022-08-09T00:00:00.000,SILVER - COMMODITY EXCHANGE INC.,48864,45985,56876,70450,141093,2022-08-09,2879,-13574
2022-08-16T00:00:00.000,SILVER - COMMODITY EXCHANGE INC.,47851,44343,59753,72204,144314,2022-08-16,3508,-12451
2022-08-23T00:00:00.000,SILVER - COMMODITY EXCHANGE INC.,49151,53651,63429,67748,144357,2022-08-23,-4500,-4319
2022-08-30T00:00:00.000,SILVER - COMMODITY EXCHANGE INC.,49468,57739,58592,58327,138714,2022-08-30,-8271,265
2022-09-06T00:00:00.000,SILVER - COMMODITY EXCHANGE INC.,51714,64498,55823,50768,138300,2022-09-06,-12784,5055
2022-09-13T00:00:00.000,SILVER - COMMODITY EXCHANGE INC.,53373,58013,51822,54373,135530,2022-09-13,-4640,-2551
2022-09-20T00:00:00.000,SILVER - COMMODITY EXCHANGE INC.,52323,53963,50661,56290,132107,2022-09-20,-1640,-5629
2022-09-27T00:00:00.000,SILVER - COMMODITY EXCHANGE INC.,49984,49226,48993,55853,129000,2022-09-27,758,-6860
2022-10-04T00:00:00.000,SILVER - COMMODITY EXCHANGE INC.,51926,43218,47755,65372,129524,2022-10-04,8708,-17617
2022-10-11T00:00:00.000,SILVER - COMMODITY EXCHANGE INC.,47939,40550,47603,63206,125623,2022-10-11,7389,-15603
2022-10-18T00:00:00.000,SILVER - COMMODITY EXCHANGE INC.,51541,50274,50956,60041,136055,2022-10-18,1267,-9085
2022-10-25T00:00:00.000,SILVER - COMMODITY EXCHANGE INC.,51163,51264,52952,61809,139085,2022-10-25,-101,-8857
2022-11-01T00:00:00.000,SILVER - COMMODITY EXCHANGE INC.,51286,49762,51802,62165,138875,2022-11-01,1524,-10363
2022-11-08T00:00:00.000,SILVER - COMMODITY EXCHANGE INC.,53651,40648,47451,69539,140437,2022-11-08,13003,-22088
2022-11-15T00:00:00.000,SILVER - COMMODITY EXCHANGE INC.,52692,35085,48393,77817,141623,2022-11-15,17607,-29424
2022-11-22T00:00:00.000,SILVER - COMMODITY EXCHANGE INC.,50540,33774,45351,72993,128907,2022-11-22,16766,-27642
2022-11-29T00:00:00.000,SILVER - COMMODITY EXCHANGE INC.,48441,30958,46270,75267,121258,2022-11-29,17483,-28997
2022-12-06T00:00:00.000,SILVER - COMMODITY EXCHANGE INC.,48954,29746,44757,77019,122558,2022-12-06,19208,-32262
2022-12-13T00:00:00.000,SILVER - COMMODITY EXCHANGE INC.,51405,28586,44913,80719,125555,2022-12-13,22819,-35806
2022-12-20T00:00:00.000,SILVER - COMMODITY EXCHANGE INC.,56164,26402,44388,84697,129278,2022-12-20,29762,-40309
2022-12-27T00:00:00.000,SILVER - COMMODITY EXCHANGE INC.,55870,24843,44044,86961,128467,2022-12-27,31027,-42917
2023-01-03T00:00:00.000,SILVER - COMMODITY EXCHANGE INC.,57801,26867,44229,88440,131990,2023-01-03,30934,-44211
2023-01-10T00:00:00.000,SILVER - COMMODITY EXCHANGE INC.,56770,27757,42599,85524,129961,2023-01-10,29013,-42925
2023-01-17T00:00:00.000,SILVER - COMMODITY EXCHANGE INC.,57439,25971,42668,88035,131862,2023-01-17,31468,-45367
2023-01-24T00:00:00.000,SILVER - COMMODITY EXCHANGE INC.,55595,29911,47359,86820,134922,2023-01-24,25684,-39461
2023-01-31T00:00:00.000,SILVER - COMMODITY EXCHANGE INC.,54867,27551,47997,88431,138263,2023-01-31,27316,-40434
2023-02-07T00:00:00.000,SILVER - COMMODITY EXCHANGE INC.,48121,34590,47750,77429,133601,2023-02-07,13531,-29679
2023-02-14T00:00:00.000,SILVER - COMMODITY EXCHANGE INC.,46028,34522,48772,74594,132132,2023-02-14,11506,-25822
2023-02-21T00:00:00.000,SILVER - COMMODITY EXCHANGE INC.,44985,35083,45388,68438,123906,2023-02-21,9902,-23050
2023-02-28T00:00:00.000,SILVER - COMMODITY EXCHANGE INC.,44202,44256,47645,60797,123900,2023-02-28,-54,-13152
2023-03-07T00:00:00.000,SILVER - COMMODITY EXCHANGE INC.,42903,50685,50301,55914,127503,2023-03-07,-7782,-5613
2023-03-14T00:00:00.000,SILVER - COMMODITY EXCHANGE INC.,42227,43446,48543,57780,121772,2023-03-14,-1219,-9237
2023-03-21T00:00:00.000,SILVER - COMMODITY EXCHANGE INC.,41325,37863,48685,61366,119082,2023-03-21,3462,-12681
2023-03-28T00:00:00.000,SILVER - COMMODITY EXCHANGE INC.,42254,28893,44970,66845,117395,2023-03-28,13361,-21875
2023-04-04T00:00:00.000,SILVER - COMMODITY EXCHANGE INC.,50327,29044,44936,76371,131210,2023-04-04,21283,-31435
2023-04-11T00:00:00.000,SILVER - COMMODITY EXCHANGE INC.,55583,31865,47629,83884,142699,2023-04-11,23718,-36255
2023-04-18T00:00:00.000,SILVER - COMMODITY EXCHANGE INC.,62968,36373,51891,90547,158371,2023-04-18,26595,-38656
2023-04-25T00:00:00.000,SILVER - COMMODITY EXCHANGE INC.,66145,35542,45907,87430,149692,2023-04-25,30603,-41523
2023-05-02T00:00:00.000,SILVER - COMMODITY EXCHANGE INC.,68219,36267,41363,86537,142538,2023-05-02,31952,-45174
2023-05-09T00:00:00.000,SILVER - COMMODITY EXCHANGE INC.,69166,36806,41636,87826,145445,2023-05-09,32360,-46190
2023-05-16T00:00:00.000,SILVER - COMMODITY EXCHANGE INC.,60440,36625,43026,80093,140139,2023-05-16,23815,-37067
2023-05-23T00:00:00.000,SILVER - COMMODITY EXCHANGE INC.,56686,34728,42194,77166,135740,2023-05-23,21958,-34972
2023-05-30T00:00:00.000,SILVER - COMMODITY EXCHANGE INC.,54837,33713,41602,76138,133619,2023-05-30,21124,-34536
2023-06-06T00:00:00.000,SILVER - COMMODITY EXCHANGE INC.,53149,31674,42785,76850,137871,2023-06-06,21475,-34065
2023-06-13T00:00:00.000,SILVER - COMMODITY EXCHANGE INC.,55054,31318,42908,81378,153853,2023-06-13,23736,-38470
2023-06-20T00:00:00.000,SILVER - COMMODITY EXCHANGE INC.,52547,32489,45941,82151,152633,2023-06-20,20058,-36210
2023-06-27T00:00:00.000,SILVER - COMMODITY EXCHANGE INC.,45983,26931,42723,72050,123491,2023-06-27,19052,-29327
2023-07-03T00:00:00.000,SILVER - COMMODITY EXCHANGE INC.,46433,28443,37784,67353,114421,2023-07-03,17990,-29569
2023-07-11T00:00:00.000,SILVER - COMMODITY EXCHANGE INC.,51305,31013,38238,69887,120282,2023-07-11,20292,-31649
2023-07-18T00:00:00.000,SILVER - COMMODITY EXCHANGE INC.,76420,32558,38710,94693,146863,2023-07-18,43862,-55983
2023-07-25T00:00:00.000,SILVER - COMMODITY EXCHANGE INC.,72786,35861,39197,88915,146898,2023-07-25,36925,-49718
2023-08-01T00:00:00.000,SILVER - COMMODITY EXCHANGE INC.,68463,37632,38959,82971,144138,2023-08-01,30831,-44012
2023-08-08T00:00:00.000,SILVER - COMMODITY EXCHANGE INC.,53781,40457,41636,71985,137631,2023-08-08,13324,-30349
2023-08-15T00:00:00.000,SILVER - COMMODITY EXCHANGE INC.,50692,42831,47240,70504,138215,2023-08-15,7861,-23264
2023-08-22T00:00:00.000,SILVER - COMMODITY EXCHANGE INC.,52967,40090,46446,70250,136680,2023-08-22,12877,-23804
2023-08-29T00:00:00.000,SILVER - COMMODITY EXCHANGE INC.,61744,34611,42894,78670,134993,2023-08-29,27133,-35776
2023-09-05T00:00:00.000,SILVER - COMMODITY EXCHANGE INC.,57558,30754,40052,77760,128279,2023-09-05,26804,-37708
2023-09-12T00:00:00.000,SILVER - COMMODITY EXCHANGE INC.,52963,34930,40030,72070,125292,2023-09-12,18033,-32040
2023-09-19T00:00:00.000,SILVER - COMMODITY EXCHANGE INC.,50699,35468,40917,70704,125749,2023-09-19,15231,-29787
2023-09-26T00:00:00.000,SILVER - COMMODITY EXCHANGE INC.,51539,31434,40346,73426,126206,2023-09-26,20105,-33080
2023-10-03T00:00:00.000,SILVER - COMMODITY EXCHANGE INC.,51405,36061,37769,68127,125847,2023-10-03,15344,-30358
2023-10-10T00:00:00.000,SILVER - COMMODITY EXCHANGE INC.,50337,38038,39790,66008,126971,2023-10-10,12299,-26218
2023-10-17T00:00:00.000,SILVER - COMMODITY EXCHANGE INC.,50749,31003,37663,69289,123640,2023-10-17,19746,-31626
2023-10-24T00:00:00.000,SILVER - COMMODITY EXCHANGE INC.,51860,27528,38321,72891,123980,2023-10-24,24332,-34570
2023-10-31T00:00:00.000,SILVER - COMMODITY EXCHANGE INC.,48025,27814,40441,73580,126549,2023-10-31,20211,-33139
2023-11-07T00:00:00.000,SILVER - COMMODITY EXCHANGE INC.,47196,28943,42249,72971,131073,2023-11-07,18253,-30722
2023-11-14T00:00:00.000,SILVER - COMMODITY EXCHANGE INC.,50291,27893,45551,77185,134826,2023-11-14,22398,-31634
2023-11-21T00:00:00.000,SILVER - COMMODITY EXCHANGE INC.,53372,25920,43514,84458,134333,2023-11-21,27452,-40944
2023-11-28T00:00:00.000,SILVER - COMMODITY EXCHANGE INC.,62880,28600,40287,88142,139144,2023-11-28,34280,-47855
2023-12-05T00:00:00.000,SILVER - COMMODITY EXCHANGE INC.,63241,26938,40974,92988,139753,2023-12-05,36303,-52014
2023-12-12T00:00:00.000,SILVER - COMMODITY EXCHANGE INC.,55684,27226,37850,85346,134281,2023-12-12,28458,-47496
2023-12-19T00:00:00.000,SILVER - COMMODITY EXCHANGE INC.,52631,22880,36520,85311,127549,2023-12-19,29751,-48791
2023-12-26T00:00:00.000,SILVER - COMMODITY EXCHANGE INC.,54559,22696,36389,89011,131408,2023-12-26,31863,-52622
2024-01-02T00:00:00.000,SILVER - COMMODITY EXCHANGE INC.,57634,25064,38107,88654,134725,2024-01-02,32570,-50547
2024-01-09T00:00:00.000,SILVER - COMMODITY EXCHANGE INC.,52886,26524,38495,82250,131992,2024-01-09,26362,-43755
2024-01-16T00:00:00.000,SILVER - COMMODITY EXCHANGE INC.,54001,28408,36482,80241,131956,2024-01-16,25593,-43759
2024-01-23T00:00:00.000,SILVER - COMMODITY EXCHANGE INC.,53121,35384,41949,76020,138617,2024-01-23,17737,-34071
2024-01-30T00:00:00.000,SILVER - COMMODITY EXCHANGE INC.,52778,31352,41387,79165,136544,2024-01-30,21426,-37778
2024-02-06T00:00:00.000,SILVER - COMMODITY EXCHANGE INC.,55335,38455,46446,79929,147333,2024-02-06,16880,-33483
2024-02-13T00:00:00.000,SILVER - COMMODITY EXCHANGE INC.,56785,44360,47556,77244,152544,2024-02-13,12425,-29688
2024-02-20T00:00:00.000,SILVER - COMMODITY EXCHANGE INC.,57582,35205,45507,83452,146584,2024-02-20,22377,-37945
2024-02-27T00:00:00.000,SILVER - COMMODITY EXCHANGE INC.,54546,40047,49112,81560,144382,2024-02-27,14499,-32448
2024-03-05T00:00:00.000,SILVER - COMMODITY EXCHANGE INC.,58885,30570,42874,87899,141026,2024-03-05,28315,-45025
2024-03-12T00:00:00.000,SILVER - COMMODITY EXCHANGE INC.,67094,26116,40997,96127,144534,2024-03-12,40978,-55130
2024-03-19T00:00:00.000,SILVER - COMMODITY EXCHANGE INC.,77632,25197,39876,103893,153154,2024-03-19,52435,-64017
2024-03-26T00:00:00.000,SILVER - COMMODITY EXCHANGE INC.,80721,29885,42250,107327,160327,2024-03-26,50836,-65077
2024-04-02T00:00:00.000,SILVER - COMMODITY EXCHANGE INC.,83565,30418,42938,110644,166823,2024-04-02,53147,-67706
2024-04-09T00:00:00.000,SILVER - COMMODITY EXCHANGE INC.,84826,31614,44362,115637,174397,2024-04-09,53212,-71275
2024-04-16T00:00:00.000,SILVER - COMMODITY EXCHANGE INC.,82415,29056,46442,120470,175784,2024-04-16,53359,-74028
2024-04-23T00:00:00.000,SILVER - COMMODITY EXCHANGE INC.,86178,26838,43245,120654,175740,2024-04-23,59340,-77409
2024-04-30T00:00:00.000,SILVER - COMMODITY EXCHANGE INC.,83094,28600,40745,115941,166315,2024-04-30,54494,-75196
2024-05-07T00:00:00.000,SILVER - COMMODITY EXCHANGE INC.,81650,27998,39225,113640,161868,2024-05-07,53652,-74415
2024-05-14T00:00:00.000,SILVER - COMMODITY EXCHANGE INC.,87936,28475,41532,122954,171371,2024-05-14,59461,-81422
2024-05-21T00:00:00.000,SILVER - COMMODITY EXCHANGE INC.,94141,34497,47423,130517,186945,2024-05-21,59644,-83094
2024-05-28T00:00:00.000,SILVER - COMMODITY EXCHANGE INC.,91730,34547,45930,127002,184846,2024-05-28,57183,-81072
2024-06-04T00:00:00.000,SILVER - COMMODITY EXCHANGE INC.,88604,32201,41280,122800,179854,2024-06-04,56403,-81520
2024-06-11T00:00:00.000,SILVER - COMMODITY EXCHANGE INC.,84193,32501,42496,120833,176036,2024-06-11,51692,-78337
2024-06-18T00:00:00.000,SILVER - COMMODITY EXCHANGE INC.,81859,29958,43591,122193,176605,2024-06-18,51901,-78602
2024-06-25T00:00:00.000,SILVER - COMMODITY EXCHANGE INC.,81366,25388,39375,120093,166470,2024-06-25,55978,-80718
2024-07-02T00:00:00.000,SILVER - COMMODITY EXCHANGE INC.,79771,23937,33532,113487,154724,2024-07-02,55834,-79955
2024-07-09T00:00:00.000,SILVER - COMMODITY EXCHANGE INC.,84351,23295,33496,118286,163245,2024-07-09,61056,-84790
2024-07-16T00:00:00.000,SILVER - COMMODITY EXCHANGE INC.,85005,24840,33181,116916,166641,2024-07-16,60165,-83735
2024-07-23T00:00:00.000,SILVER - COMMODITY EXCHANGE INC.,75473,24093,34503,108319,157106,2024-07-23,51380,-73816
2024-07-30T00:00:00.000,SILVER - COMMODITY EXCHANGE INC.,67416,18355,33703,104073,151437,2024-07-30,49061,-70370
2024-08-06T00:00:00.000,SILVER - COMMODITY EXCHANGE INC.,64574,15493,34304,103935,147537,2024-08-06,49081,-69631
2024-08-13T00:00:00.000,SILVER - COMMODITY EXCHANGE INC.,61458,16169,38079,104855,147859,2024-08-13,45289,-66776
2024-08-20T00:00:00.000,SILVER - COMMODITY EXCHANGE INC.,63930,14606,35699,106927,146986,2024-08-20,49324,-71228
2024-08-27T00:00:00.000,SILVER - COMMODITY EXCHANGE INC.,65715,13529,36444,108584,141613,2024-08-27,52186,-72140
2024-09-03T00:00:00.000,SILVER - COMMODITY EXCHANGE INC.,64099,18040,30538,95067,130928,2024-09-03,46059,-64529
2024-09-10T00:00:00.000,SILVER - COMMODITY EXCHANGE INC.,61649,16907,30386,92472,128959,2024-09-10,44742,-62086
2024-09-17T00:00:00.000,SILVER - COMMODITY EXCHANGE INC.,74978,16680,28131,105437,140605,2024-09-17,58298,-77306
2024-09-24T00:00:00.000,SILVER - COMMODITY EXCHANGE INC.,81029,18831,29339,111171,150071,2024-09-24,62198,-81832
2024-10-01T00:00:00.000,SILVER - COMMODITY EXCHANGE INC.,75588,18664,29018,108238,144757,2024-10-01,56924,-79220
2024-10-08T00:00:00.000,SILVER - COMMODITY EXCHANGE INC.,72113,17398,29717,106432,142839,2024-10-08,54715,-76715
2024-10-15T00:00:00.000,SILVER - COMMODITY EXCHANGE INC.,70024,15992,29913,105671,141898,2024-10-15,54032,-75758
2024-10-22T00:00:00.000,SILVER - COMMODITY EXCHANGE INC.,82139,15784,29291,114649,157264,2024-10-22,66355,-85358
2024-10-29T00:00:00.000,SILVER - COMMODITY EXCHANGE INC.,79649,19218,30224,112436,156320,2024-10-29,60431,-82212
2024-11-05T00:00:00.000,SILVER - COMMODITY EXCHANGE INC.,73980,20634,30347,104590,151126,2024-11-05,53346,-74243
2024-11-12T00:00:00.000,SILVER - COMMODITY EXCHANGE INC.,68951,21309,33197,100604,147526,2024-11-12,47642,-67407
2024-11-19T00:00:00.000,SILVER - COMMODITY EXCHANGE INC.,65939,19616,34466,99547,141287,2024-11-19,46323,-65081
2024-11-26T00:00:00.000,SILVER - COMMODITY EXCHANGE INC.,63076,20293,33100,94258,134590,2024-11-26,42783,-61158
2024-12-03T00:00:00.000,SILVER - COMMODITY EXCHANGE INC.,64285,21025,32688,94707,134074,2024-12-03,43260,-62019
2024-12-10T00:00:00.000,SILVER - COMMODITY EXCHANGE INC.,72515,31350,36376,96219,151096,2024-12-10,41165,-59843
2024-12-17T00:00:00.000,SILVER - COMMODITY EXCHANGE INC.,68183,27919,35135,92645,146938,2024-12-17,40264,-57510
2024-12-24T00:00:00.000,SILVER - COMMODITY EXCHANGE INC.,67851,27688,35192,90213,145618,2024-12-24,40163,-55021
2024-12-31T00:00:00.000,SILVER - COMMODITY EXCHANGE INC.,67007,29118,36850,89257,151013,2024-12-31,37889,-52407
2025-01-07T00:00:00.000,SILVER - COMMODITY EXCHANGE INC.,68892,27944,35032,91206,151590,2025-01-07,40948,-56174
2025-01-14T00:00:00.000,SILVER - COMMODITY EXCHANGE INC.,71511,25431,32379,92055,150364,2025-01-14,46080,-59676
2025-01-21T00:00:00.000,SILVER - COMMODITY EXCHANGE INC.,75660,28180,33476,96453,159899,2025-01-21,47480,-62977
2025-01-28T00:00:00.000,SILVER - COMMODITY EXCHANGE INC.,74656,30288,36404,96672,165135,2025-01-28,44368,-60268
2025-02-04T00:00:00.000,SILVER - COMMODITY EXCHANGE INC.,83120,32759,29564,98571,170726,2025-02-04,50361,-69007
2025-02-11T00:00:00.000,SILVER - COMMODITY EXCHANGE INC.,79112,29402,32501,100751,164251,2025-02-11,49710,-68250
2025-02-18T00:00:00.000,SILVER - COMMODITY EXCHANGE INC.,84814,30360,35237,107197,170107,2025-02-18,54454,-71960
2025-02-25T00:00:00.000,SILVER - COMMODITY EXCHANGE INC.,78469,25607,38149,108337,163681,2025-02-25,52862,-70188
2025-03-04T00:00:00.000,SILVER - COMMODITY EXCHANGE INC.,73315,19999,30890,101834,145935,2025-03-04,53316,-70944
2025-03-11T00:00:00.000,SILVER - COMMODITY EXCHANGE INC.,79965,20439,29463,106819,155263,2025-03-11,59526,-77356
2025-03-18T00:00:00.000,SILVER - COMMODITY EXCHANGE INC.,87601,25303,31479,113134,170566,2025-03-18,62298,-81655
2025-03-25T00:00:00.000,SILVER - COMMODITY EXCHANGE INC.,85712,24762,32304,113009,169628,2025-03-25,60950,-80705
2025-04-01T00:00:00.000,SILVER - COMMODITY EXCHANGE INC.,85609,28351,34641,111046,170197,2025-04-01,57258,-76405
2025-04-08T00:00:00.000,SILVER - COMMODITY EXCHANGE INC.,68426,21910,35320,99342,154289,2025-04-08,46516,-64022
2025-04-15T00:00:00.000,SILVER - COMMODITY EXCHANGE INC.,65068,21119,40181,102931,144400,2025-04-15,43949,-62750
2025-04-22T00:00:00.000,SILVER - COMMODITY EXCHANGE INC.,64693,19967,40479,104853,146923,2025-04-22,44726,-64374
2025-04-29T00:00:00.000,SILVER - COMMODITY EXCHANGE INC.,70299,20356,41240,110504,152669,2025-04-29,49943,-69264
2025-05-06T00:00:00.000,SILVER - COMMODITY EXCHANGE INC.,70335,21083,32146,99949,140261,2025-05-06,49252,-67803
2025-05-13T00:00:00.000,SILVER - COMMODITY EXCHANGE INC.,67944,20190,33164,99344,138262,2025-05-13,47754,-66180
2025-05-20T00:00:00.000,SILVER - COMMODITY EXCHANGE INC.,70891,20849,33798,100577,141451,2025-05-20,50042,-66779
2025-05-27T00:00:00.000,SILVER - COMMODITY EXCHANGE INC.,73240,20228,34318,104595,147555,2025-05-27,53012,-70277
2025-06-03T00:00:00.000,SILVER - COMMODITY EXCHANGE INC.,81981,21211,32689,111830,163347,2025-06-03,60770,-79141
2025-06-10T00:00:00.000,SILVER - COMMODITY EXCHANGE INC.,85192,18542,34871,120532,174281,2025-06-10,66650,-85661
2025-06-17T00:00:00.000,SILVER - COMMODITY EXCHANGE INC.,88994,21820,39948,125896,184831,2025-06-17,67174,-85948
2025-06-24T00:00:00.000,SILVER - COMMODITY EXCHANGE INC.,84491,21544,40422,122899,174613,2025-06-24,62947,-82477
2025-07-01T00:00:00.000,SILVER - COMMODITY EXCHANGE INC.,82747,19347,36203,120743,163567,2025-07-01,63400,-84540
2025-07-08T00:00:00.000,SILVER - COMMODITY EXCHANGE INC.,80779,22258,37094,116689,162803,2025-07-08,58521,-79595
2025-07-15T00:00:00.000,SILVER - COMMODITY EXCHANGE INC.,85022,25574,35466,115114,171474,2025-07-15,59448,-79648
2025-07-22T00:00:00.000,SILVER - COMMODITY EXCHANGE INC.,85678,25058,36803,116030,173679,2025-07-22,60620,-79227
2025-07-29T00:00:00.000,SILVER - COMMODITY EXCHANGE INC.,80493,21086,37879,116808,170329,2025-07-29,59407,-78929
2025-08-05T00:00:00.000,SILVER - COMMODITY EXCHANGE INC.,71234,20576,37347,109575,161262,2025-08-05,50658,-72228
2025-08-12T00:00:00.000,SILVER - COMMODITY EXCHANGE INC.,66252,21984,41331,107752,156432,2025-08-12,44268,-66421
2025-08-19T00:00:00.000,SILVER - COMMODITY EXCHANGE INC.,68102,21553,45127,111802,158477,2025-08-19,46549,-66675
2025-08-26T00:00:00.000,SILVER - COMMODITY EXCHANGE INC.,68227,21761,46134,114419,158630,2025-08-26,46466,-68285
2025-09-02T00:00:00.000,SILVER - COMMODITY EXCHANGE INC.,74466,18543,40121,114318,158368,2025-09-02,55923,-74197
2025-09-09T00:00:00.000,SILVER - COMMODITY EXCHANGE INC.,72450,18513,40163,113565,156703,2025-09-09,53937,-73402
2025-09-16T00:00:00.000,SILVER - COMMODITY EXCHANGE INC.,71623,20085,43118,114507,162954,2025-09-16,51538,-71389
2025-09-23T00:00:00.000,SILVER - COMMODITY EXCHANGE INC.,72318,20042,42281,115036,165805,2025-09-23,52276,-72755
2025-09-30T00:00:00.000,SILVER - COMMODITY EXCHANGE INC.,70062,20323,41780,112870,163837,2025-09-30,49739,-71090
2025-10-07T00:00:00.000,SILVER - COMMODITY EXCHANGE INC.,67668,21451,44862,113548,166474,2025-10-07,46217,-68686
2025-10-14T00:00:00.000,SILVER - COMMODITY EXCHANGE INC.,67041,23860,46432,111087,172415,2025-10-14,43181,-64655
2025-10-21T00:00:00.000,SILVER - COMMODITY EXCHANGE INC.,60904,23645,45199,102436,169418,2025-10-21,37259,-57237
2025-10-28T00:00:00.000,SILVER - COMMODITY EXCHANGE INC.,55959,18840,43371,98956,158187,2025-10-28,37119,-55585
2025-11-04T00:00:00.000,SILVER - COMMODITY EXCHANGE INC.,54166,20945,42218,94882,155257,2025-11-04,33221,-52664
2025-11-10T00:00:00.000,SILVER - COMMODITY EXCHANGE INC.,55038,22052,45569,97785,159649,2025-11-10,32986,-52216
2025-11-18T00:00:00.000,SILVER - COMMODITY EXCHANGE INC.,54535,20519,47076,100502,153295,2025-11-18,34016,-53426
2025-11-25T00:00:00.000,SILVER - COMMODITY EXCHANGE INC.,52002,19814,45480,98748,144541,2025-11-25,32188,-53268
2025-12-02T00:00:00.000,SILVER - COMMODITY EXCHANGE INC.,59575,21056,44313,100952,150832,2025-12-02,38519,-56639
2025-12-09T00:00:00.000,SILVER - COMMODITY EXCHANGE INC.,65958,21249,42995,103822,154762,2025-12-09,44709,-60827
2025-12-16T00:00:00.000,SILVER - COMMODITY EXCHANGE INC.,56034,19682,45998,101189,152921,2025-12-16,36352,-55191
2025-12-23T00:00:00.000,SILVER - COMMODITY EXCHANGE INC.,55243,19359,46775,101042,155710,2025-12-23,35884,-54267
2025-12-30T00:00:00.000,SILVER - COMMODITY EXCHANGE INC.,50506,20443,50323,100585,157391,2025-12-30,30063,-50262
2026-01-06T00:00:00.000,SILVER - COMMODITY EXCHANGE INC.,47384,18113,47989,99680,153240,2026-01-06,29271,-51691
2026-01-13T00:00:00.000,SILVER - COMMODITY EXCHANGE INC.,47337,15277,42595,97887,151513,2026-01-13,32060,-55292
2026-01-20T00:00:00.000,SILVER - COMMODITY EXCHANGE INC.,42965,17751,43723,90112,152020,2026-01-20,25214,-46389
2026-01-27T00:00:00.000,SILVER - COMMODITY EXCHANGE INC.,43475,19772,44788,88844,156637,2026-01-27,23703,-44056
2026-02-03T00:00:00.000,SILVER - COMMODITY EXCHANGE INC.,38883,13006,35248,80973,143180,2026-02-03,25877,-45725
2026-02-10T00:00:00.000,SILVER - COMMODITY EXCHANGE INC.,36660,13705,37295,79458,133641,2026-02-10,22955,-42163
2026-02-17T00:00:00.000,SILVER - COMMODITY EXCHANGE INC.,36626,12623,36729,79076,131496,2026-02-17,24003,-42347
2026-02-24T00:00:00.000,SILVER - COMMODITY EXCHANGE INC.,32500,10240,35475,76555,125454,2026-02-24,22260,-41080
2026-03-03T00:00:00.000,SILVER - COMMODITY EXCHANGE INC.,34226,10888,30893,70859,113326,2026-03-03,23338,-39966
2026-03-10T00:00:00.000,SILVER - COMMODITY EXCHANGE INC.,33306,8728,31789,73366,115458,2026-03-10,24578,-41577
2026-03-17T00:00:00.000,SILVER - COMMODITY EXCHANGE INC.,31125,9244,31938,70296,114758,2026-03-17,21881,-38358
2026-03-24T00:00:00.000,SILVER - COMMODITY EXCHANGE INC.,33938,9265,29511,69799,113164,2026-03-24,24673,-40288
2026-03-31T00:00:00.000,SILVER - COMMODITY EXCHANGE INC.,33463,9559,29892,68749,115169,2026-03-31,23904,-38857
2026-04-07T00:00:00.000,SILVER - COMMODITY EXCHANGE INC.,32810,9393,28211,67126,115138,2026-04-07,23417,-38915
2026-04-14T00:00:00.000,SILVER - COMMODITY EXCHANGE INC.,32391,8829,32338,72471,116983,2026-04-14,23562,-40133
2026-04-21T00:00:00.000,SILVER - COMMODITY EXCHANGE INC.,33233,9513,32357,73342,115462,2026-04-21,23720,-40985
