date,crude_stocks_kbbl,delta
1982-08-20,338764,
1982-08-27,336138,-2626.0
1982-09-24,335586,-552.0
1982-10-01,334786,-800.0
1982-10-08,335260,474.0
1982-10-15,326979,-8281.0
1982-10-22,334370,7391.0
1982-10-29,333067,-1303.0
1982-11-05,331057,-2010.0
1982-11-12,323448,-7609.0
1982-11-19,331264,7816.0
1982-11-26,325639,-5625.0
1982-12-03,332447,6808.0
1982-12-10,337943,5496.0
1982-12-17,338912,969.0
1982-12-24,335061,-3851.0
1982-12-31,330150,-4911.0
1983-01-07,326701,-3449.0
1983-01-14,339028,12327.0
1983-01-21,334178,-4850.0
1983-01-28,339617,5439.0
1983-02-04,332527,-7090.0
1983-02-11,338719,6192.0
1983-02-18,342040,3321.0
1983-02-25,349452,7412.0
1983-03-04,339216,-10236.0
1983-03-11,341753,2537.0
1983-03-18,335901,-5852.0
1983-03-25,337155,1254.0
1983-04-01,331215,-5940.0
1983-04-08,335263,4048.0
1983-04-15,340539,5276.0
1983-04-29,342707,2168.0
1983-05-13,342703,-4.0
1983-05-20,345545,2842.0
1983-06-03,334607,-10938.0
1983-06-10,333407,-1200.0
1983-06-17,332713,-694.0
1983-06-24,331611,-1102.0
1983-07-01,333387,1776.0
1983-07-08,326776,-6611.0
1983-07-15,324265,-2511.0
1983-07-22,323643,-622.0
1983-07-29,326267,2624.0
1983-08-05,322642,-3625.0
1983-08-12,314861,-7781.0
1983-08-19,320879,6018.0
1983-08-26,325015,4136.0
1983-09-02,328895,3880.0
1983-09-09,326370,-2525.0
1983-09-16,328092,1722.0
1983-09-23,328203,111.0
1983-09-30,329028,825.0
1983-10-07,331723,2695.0
1983-10-14,334292,2569.0
1983-10-21,331681,-2611.0
1983-10-28,324210,-7471.0
1983-11-04,335837,11627.0
1983-11-11,339341,3504.0
1983-11-18,334859,-4482.0
1983-11-25,330704,-4155.0
1983-12-02,326264,-4440.0
1983-12-09,332192,5928.0
1983-12-16,330911,-1281.0
1983-12-23,326469,-4442.0
1983-12-30,327028,559.0
1984-01-06,328070,1042.0
1984-01-13,331804,3734.0
1984-01-20,327811,-3993.0
1984-01-27,324301,-3510.0
1984-02-03,320842,-3459.0
1984-02-10,320037,-805.0
1984-02-17,322097,2060.0
1984-02-24,317999,-4098.0
1984-03-02,317746,-253.0
1984-03-09,313132,-4614.0
1984-03-16,312445,-687.0
1984-03-23,309072,-3373.0
1984-03-30,310506,1434.0
1984-04-06,320689,10183.0
1984-04-13,324087,3398.0
1984-04-20,323505,-582.0
1984-04-27,319724,-3781.0
1984-05-04,326633,6909.0
1984-05-11,332296,5663.0
1984-05-18,340510,8214.0
1984-05-25,332465,-8045.0
1984-06-01,339659,7194.0
1984-06-08,342189,2530.0
1984-06-15,338234,-3955.0
1984-06-22,331714,-6520.0
1984-06-29,335999,4285.0
1984-07-06,330378,-5621.0
1984-07-13,333149,2771.0
1984-07-20,339830,6681.0
1984-07-27,331607,-8223.0
1984-08-03,332398,791.0
1984-08-10,333554,1156.0
1984-08-17,323344,-10210.0
1984-08-24,326092,2748.0
1984-08-31,321597,-4495.0
1984-09-07,318672,-2925.0
1984-09-14,318007,-665.0
1984-09-21,306957,-11050.0
1984-09-28,308426,1469.0
1984-10-05,311211,2785.0
1984-10-12,318610,7399.0
1984-10-19,315273,-3337.0
1984-10-26,320900,5627.0
1984-11-02,314922,-5978.0
1984-11-09,325115,10193.0
1984-11-16,334201,9086.0
1984-11-23,332639,-1562.0
1984-11-30,325608,-7031.0
1984-12-07,322292,-3316.0
1984-12-14,331783,9491.0
1984-12-21,320537,-11246.0
1984-12-28,322281,1744.0
1985-01-04,319923,-2358.0
1985-01-11,324107,4184.0
1985-01-18,326508,2401.0
1985-01-25,317918,-8590.0
1985-02-01,309460,-8458.0
1985-02-08,305989,-3471.0
1985-02-15,298076,-7913.0
1985-02-22,295928,-2148.0
1985-03-01,298757,2829.0
1985-03-08,303198,4441.0
1985-03-15,307344,4146.0
1985-03-22,310423,3079.0
1985-03-29,313149,2726.0
1985-04-05,302000,-11149.0
1985-04-12,304744,2744.0
1985-04-19,309715,4971.0
1985-04-26,322205,12490.0
1985-05-03,330347,8142.0
1985-05-10,327605,-2742.0
1985-05-17,328263,658.0
1985-05-24,333896,5633.0
1985-05-31,333399,-497.0
1985-06-07,330564,-2835.0
1985-06-14,331306,742.0
1985-06-21,330077,-1229.0
1985-06-28,323682,-6395.0
1985-07-05,320782,-2900.0
1985-07-12,314931,-5851.0
1985-07-19,313728,-1203.0
1985-07-26,307219,-6509.0
1985-08-02,302128,-5091.0
1985-08-09,307275,5147.0
1985-08-16,304954,-2321.0
1985-08-23,294068,-10886.0
1985-08-30,299740,5672.0
1985-09-06,294402,-5338.0
1985-09-13,294828,426.0
1985-09-20,289541,-5287.0
1985-09-27,291175,1634.0
1985-10-04,294662,3487.0
1985-10-11,302337,7675.0
1985-10-18,294952,-7385.0
1985-10-25,298122,3170.0
1985-11-01,290776,-7346.0
1985-11-08,290134,-642.0
1985-11-15,288284,-1850.0
1985-11-22,291676,3392.0
1985-11-29,294140,2464.0
1985-12-06,300376,6236.0
1985-12-13,296771,-3605.0
1985-12-20,300234,3463.0
1985-12-27,298551,-1683.0
1986-01-03,305147,6596.0
1986-01-10,299779,-5368.0
1986-01-17,297979,-1800.0
1986-01-24,305632,7653.0
1986-01-31,302996,-2636.0
1986-02-07,311382,8386.0
1986-02-14,306754,-4628.0
1986-02-21,300623,-6131.0
1986-02-28,310183,9560.0
1986-03-07,313853,3670.0
1986-03-14,312567,-1286.0
1986-03-21,314941,2374.0
1986-03-28,323395,8454.0
1986-04-04,316315,-7080.0
1986-04-11,319613,3298.0
1986-04-18,317219,-2394.0
1986-04-25,311499,-5720.0
1986-05-02,317285,5786.0
1986-05-09,311336,-5949.0
1986-05-16,303348,-7988.0
1986-05-23,308590,5242.0
1986-05-30,305568,-3022.0
1986-06-06,310824,5256.0
1986-06-13,299249,-11575.0
1986-06-20,302543,3294.0
1986-06-27,303908,1365.0
1986-07-04,299341,-4567.0
1986-07-11,298871,-470.0
1986-07-18,307065,8194.0
1986-07-25,310051,2986.0
1986-08-01,320012,9961.0
1986-08-08,312924,-7088.0
1986-08-15,310871,-2053.0
1986-08-22,308755,-2116.0
1986-08-29,310955,2200.0
1986-09-05,306246,-4709.0
1986-09-12,310490,4244.0
1986-09-19,307280,-3210.0
1986-09-26,313278,5998.0
1986-10-03,315751,2473.0
1986-10-10,313010,-2741.0
1986-10-17,320001,6991.0
1986-10-24,318425,-1576.0
1986-10-31,327758,9333.0
1986-11-07,315272,-12486.0
1986-11-14,319679,4407.0
1986-11-21,318454,-1225.0
1986-11-28,321037,2583.0
1986-12-05,317980,-3057.0
1986-12-12,321059,3079.0
1986-12-19,317982,-3077.0
1986-12-26,306597,-11385.0
1987-01-02,307823,1226.0
1987-01-09,316926,9103.0
1987-01-16,307260,-9666.0
1987-01-23,304234,-3026.0
1987-01-30,309455,5221.0
1987-02-06,308479,-976.0
1987-02-13,307917,-562.0
1987-02-20,308205,288.0
1987-02-27,311491,3286.0
1987-03-06,310363,-1128.0
1987-03-13,305895,-4468.0
1987-03-20,313392,7497.0
1987-03-27,308038,-5354.0
1987-04-03,314031,5993.0
1987-04-10,308491,-5540.0
1987-04-17,299466,-9025.0
1987-04-24,298167,-1299.0
1987-05-01,307567,9400.0
1987-05-08,302611,-4956.0
1987-05-15,300278,-2333.0
1987-05-22,303381,3103.0
1987-05-29,299567,-3814.0
1987-06-05,300954,1387.0
1987-06-12,301345,391.0
1987-06-19,301883,538.0
1987-06-26,304454,2571.0
1987-07-03,304943,489.0
1987-07-10,302862,-2081.0
1987-07-17,298706,-4156.0
1987-07-24,301702,2996.0
1987-07-31,307077,5375.0
1987-08-07,300958,-6119.0
1987-08-14,302412,1454.0
1987-08-21,309220,6808.0
1987-08-28,309451,231.0
1987-09-04,313494,4043.0
1987-09-11,312686,-808.0
1987-09-18,312588,-98.0
1987-09-25,316043,3455.0
1987-10-02,314186,-1857.0
1987-10-09,310961,-3225.0
1987-10-16,313755,2794.0
1987-10-23,316857,3102.0
1987-10-30,328896,12039.0
1987-11-06,333255,4359.0
1987-11-13,335157,1902.0
1987-11-20,338198,3041.0
1987-11-27,335814,-2384.0
1987-12-04,337304,1490.0
1987-12-11,338654,1350.0
1987-12-18,340670,2016.0
1987-12-25,339178,-1492.0
1988-01-01,333655,-5523.0
1988-01-08,320851,-12804.0
1988-01-15,320568,-283.0
1988-01-22,319760,-808.0
1988-01-29,316008,-3752.0
1988-02-05,317127,1119.0
1988-02-12,312386,-4741.0
1988-02-19,320876,8490.0
1988-02-26,324061,3185.0
1988-03-04,325274,1213.0
1988-03-11,325188,-86.0
1988-03-18,328937,3749.0
1988-03-25,327289,-1648.0
1988-04-01,328537,1248.0
1988-04-08,333705,5168.0
1988-04-15,333296,-409.0
1988-04-22,338077,4781.0
1988-04-29,335042,-3035.0
1988-05-06,340335,5293.0
1988-05-13,343544,3209.0
1988-05-20,345463,1919.0
1988-05-27,341208,-4255.0
1988-06-03,343019,1811.0
1988-06-10,340370,-2649.0
1988-06-17,344567,4197.0
1988-06-24,341838,-2729.0
1988-07-01,342310,472.0
1988-07-08,339783,-2527.0
1988-07-15,334259,-5524.0
1988-07-22,330751,-3508.0
1988-07-29,332365,1614.0
1988-08-05,330335,-2030.0
1988-08-12,327971,-2364.0
1988-08-19,323205,-4766.0
1988-08-26,318511,-4694.0
1988-09-02,313544,-4967.0
1988-09-09,311683,-1861.0
1988-09-16,305143,-6540.0
1988-09-23,300430,-4713.0
1988-09-30,306036,5606.0
1988-10-07,305450,-586.0
1988-10-14,310447,4997.0
1988-10-21,315085,4638.0
1988-10-28,316401,1316.0
1988-11-04,322097,5696.0
1988-11-11,318675,-3422.0
1988-11-18,326823,8148.0
1988-11-25,322409,-4414.0
1988-12-02,319749,-2660.0
1988-12-09,324248,4499.0
1988-12-16,318990,-5258.0
1988-12-23,314765,-4225.0
1988-12-30,313654,-1111.0
1989-01-06,305576,-8078.0
1989-01-13,302665,-2911.0
1989-01-20,306513,3848.0
1989-01-27,307008,495.0
1989-02-03,313945,6937.0
1989-02-10,305217,-8728.0
1989-02-17,306065,848.0
1989-02-24,305255,-810.0
1989-03-03,315037,9782.0
1989-03-10,313828,-1209.0
1989-03-17,318360,4532.0
1989-03-24,317835,-525.0
1989-03-31,307789,-10046.0
1989-04-07,306513,-1276.0
1989-04-14,302086,-4427.0
1989-04-21,312478,10392.0
1989-04-28,316567,4089.0
1989-05-05,327039,10472.0
1989-05-12,328885,1846.0
1989-05-19,322400,-6485.0
1989-05-26,320489,-1911.0
1989-06-02,324887,4398.0
1989-06-09,321641,-3246.0
1989-06-16,319223,-2418.0
1989-06-23,322738,3515.0
1989-06-30,315455,-7283.0
1989-07-07,315749,294.0
1989-07-14,313424,-2325.0
1989-07-21,312422,-1002.0
1989-07-28,313680,1258.0
1989-08-04,313202,-478.0
1989-08-11,310165,-3037.0
1989-08-18,319131,8966.0
1989-08-25,318038,-1093.0
1989-09-01,317963,-75.0
1989-09-08,320241,2278.0
1989-09-15,309387,-10854.0
1989-09-22,310542,1155.0
1989-09-29,313121,2579.0
1989-10-06,318394,5273.0
1989-10-13,323920,5526.0
1989-10-20,317150,-6770.0
1989-10-27,322286,5136.0
1989-11-03,320398,-1888.0
1989-11-10,327954,7556.0
1989-11-17,327780,-174.0
1989-11-24,324125,-3655.0
1989-12-01,332385,8260.0
1989-12-08,323052,-9333.0
1989-12-15,328006,4954.0
1989-12-22,325360,-2646.0
1989-12-29,324280,-1080.0
1990-01-05,324222,-58.0
1990-01-12,327819,3597.0
1990-01-19,326173,-1646.0
1990-01-26,324123,-2050.0
1990-02-02,334128,10005.0
1990-02-09,329316,-4812.0
1990-02-16,326869,-2447.0
1990-02-23,322293,-4576.0
1990-03-02,325816,3523.0
1990-03-09,332142,6326.0
1990-03-16,330696,-1446.0
1990-03-23,339931,9235.0
1990-03-30,342865,2934.0
1990-04-06,349942,7077.0
1990-04-13,350859,917.0
1990-04-20,349299,-1560.0
1990-04-27,353507,4208.0
1990-05-04,353485,-22.0
1990-05-11,358198,4713.0
1990-05-18,361994,3796.0
1990-05-25,362719,725.0
1990-06-01,365618,2899.0
1990-06-08,367486,1868.0
1990-06-15,367001,-485.0
1990-06-22,367704,703.0
1990-06-29,368708,1004.0
1990-07-06,365658,-3050.0
1990-07-13,370201,4543.0
1990-07-20,368024,-2177.0
1990-07-27,372593,4569.0
1990-08-03,364848,-7745.0
1990-08-10,360003,-4845.0
1990-08-17,360333,330.0
1990-08-24,361957,1624.0
1990-08-31,356710,-5247.0
1990-09-07,359583,2873.0
1990-09-14,353936,-5647.0
1990-09-21,348211,-5725.0
1990-09-28,338384,-9827.0
1990-10-05,336271,-2113.0
1990-10-12,328752,-7519.0
1990-10-19,325992,-2760.0
1990-10-26,327234,1242.0
1990-11-02,331392,4158.0
1990-11-09,333036,1644.0
1990-11-16,327293,-5743.0
1990-11-23,324268,-3025.0
1990-11-30,326855,2587.0
1990-12-07,321412,-5443.0
1990-12-14,320154,-1258.0
1990-12-21,321992,1838.0
1990-12-28,315920,-6072.0
1991-01-04,307542,-8378.0
1991-01-11,308440,898.0
1991-01-18,307051,-1389.0
1991-01-25,307043,-8.0
1991-02-01,310149,3106.0
1991-02-08,311359,1210.0
1991-02-15,317278,5919.0
1991-02-22,316183,-1095.0
1991-03-01,315962,-221.0
1991-03-08,314290,-1672.0
1991-03-15,320665,6375.0
1991-03-22,321538,873.0
1991-03-29,326275,4737.0
1991-04-05,321264,-5011.0
1991-04-12,325762,4498.0
1991-04-19,322676,-3086.0
1991-04-26,328220,5544.0
1991-05-03,324141,-4079.0
1991-05-10,323906,-235.0
1991-05-17,329898,5992.0
1991-05-24,329325,-573.0
1991-05-31,336202,6877.0
1991-06-07,337008,806.0
1991-06-14,337807,799.0
1991-06-21,336429,-1378.0
1991-06-28,333376,-3053.0
1991-07-05,334579,1203.0
1991-07-12,333524,-1055.0
1991-07-19,331739,-1785.0
1991-07-26,327970,-3769.0
1991-08-02,328659,689.0
1991-08-09,330373,1714.0
1991-08-16,328440,-1933.0
1991-08-23,333744,5304.0
1991-08-30,335646,1902.0
1991-09-06,325886,-9760.0
1991-09-13,319319,-6567.0
1991-09-20,319450,131.0
1991-09-27,324157,4707.0
1991-10-04,323069,-1088.0
1991-10-11,326402,3333.0
1991-10-18,323942,-2460.0
1991-10-25,332763,8821.0
1991-11-01,326645,-6118.0
1991-11-08,330460,3815.0
1991-11-15,335596,5136.0
1991-11-22,329588,-6008.0
1991-11-29,324131,-5457.0
1991-12-06,329127,4996.0
1991-12-13,323089,-6038.0
1991-12-20,318937,-4152.0
1991-12-27,308857,-10080.0
1992-01-03,314823,5966.0
1992-01-10,318314,3491.0
1992-01-17,317138,-1176.0
1992-01-24,322809,5671.0
1992-01-31,318393,-4416.0
1992-02-07,318207,-186.0
1992-02-14,316400,-1807.0
1992-02-21,319575,3175.0
1992-02-28,326596,7021.0
1992-03-06,332894,6298.0
1992-03-13,327449,-5445.0
1992-03-20,330980,3531.0
1992-03-27,325460,-5520.0
1992-04-03,321859,-3601.0
1992-04-10,330314,8455.0
1992-04-17,333120,2806.0
1992-04-24,333922,802.0
1992-05-01,335376,1454.0
1992-05-08,334716,-660.0
1992-05-15,336011,1295.0
1992-05-22,331422,-4589.0
1992-05-29,328776,-2646.0
1992-06-05,329598,822.0
1992-06-12,330394,796.0
1992-06-19,324093,-6301.0
1992-06-26,313189,-10904.0
1992-07-03,312195,-994.0
1992-07-10,314858,2663.0
1992-07-17,308493,-6365.0
1992-07-24,308467,-26.0
1992-07-31,314258,5791.0
1992-08-07,312486,-1772.0
1992-08-14,311493,-993.0
1992-08-21,316097,4604.0
1992-08-28,308645,-7452.0
1992-09-04,310794,2149.0
1992-09-11,310111,-683.0
1992-09-18,310947,836.0
1992-09-25,306213,-4734.0
1992-10-02,309071,2858.0
1992-10-09,308292,-779.0
1992-10-16,310536,2244.0
1992-10-23,311561,1025.0
1992-10-30,314967,3406.0
1992-11-06,308578,-6389.0
1992-11-13,301537,-7041.0
1992-11-20,307093,5556.0
1992-11-27,308640,1547.0
1992-12-04,307589,-1051.0
1992-12-11,313161,5572.0
1992-12-18,312842,-319.0
1992-12-25,301053,-11789.0
1993-01-01,301973,920.0
1993-01-08,299341,-2632.0
1993-01-15,307272,7931.0
1993-01-22,306106,-1166.0
1993-01-29,308108,2002.0
1993-02-05,311717,3609.0
1993-02-12,318408,6691.0
1993-02-19,308086,-10322.0
1993-02-26,315969,7883.0
1993-03-05,321897,5928.0
1993-03-12,327504,5607.0
1993-03-19,314322,-13182.0
1993-03-26,322220,7898.0
1993-04-02,322889,669.0
1993-04-09,334413,11524.0
1993-04-16,325153,-9260.0
1993-04-23,326248,1095.0
1993-04-30,328945,2697.0
1993-05-07,329635,690.0
1993-05-14,335087,5452.0
1993-05-21,338201,3114.0
1993-05-28,334383,-3818.0
1993-06-04,332686,-1697.0
1993-06-11,324772,-7914.0
1993-06-18,334025,9253.0
1993-06-25,340315,6290.0
1993-07-02,331995,-8320.0
1993-07-09,335417,3422.0
1993-07-16,343583,8166.0
1993-07-23,338056,-5527.0
1993-07-30,333639,-4417.0
1993-08-06,334659,1020.0
1993-08-13,330153,-4506.0
1993-08-20,325426,-4727.0
1993-08-27,326782,1356.0
1993-09-03,320499,-6283.0
1993-09-10,321821,1322.0
1993-09-17,321610,-211.0
1993-09-24,312084,-9526.0
1993-10-01,309991,-2093.0
1993-10-08,314249,4258.0
1993-10-15,309375,-4874.0
1993-10-22,316800,7425.0
1993-10-29,318584,1784.0
1993-11-05,315239,-3345.0
1993-11-12,320250,5011.0
1993-11-19,314738,-5512.0
1993-11-26,316131,1393.0
1993-12-03,321509,5378.0
1993-12-10,327837,6328.0
1993-12-17,330247,2410.0
1993-12-24,330079,-168.0
1993-12-31,323542,-6537.0
1994-01-07,316593,-6949.0
1994-01-14,316399,-194.0
1994-01-21,310921,-5478.0
1994-01-28,314011,3090.0
1994-02-04,317837,3826.0
1994-02-11,313482,-4355.0
1994-02-18,316510,3028.0
1994-02-25,309328,-7182.0
1994-03-04,316945,7617.0
1994-03-11,311869,-5076.0
1994-03-18,323772,11903.0
1994-03-25,318641,-5131.0
1994-04-01,318717,76.0
1994-04-08,319232,515.0
1994-04-15,321163,1931.0
1994-04-22,321241,78.0
1994-04-29,322151,910.0
1994-05-06,316458,-5693.0
1994-05-13,315520,-938.0
1994-05-20,317174,1654.0
1994-05-27,316080,-1094.0
1994-06-03,311596,-4484.0
1994-06-10,308787,-2809.0
1994-06-17,307220,-1567.0
1994-06-24,310699,3479.0
1994-07-01,311642,943.0
1994-07-08,311816,174.0
1994-07-15,314998,3182.0
1994-07-22,318255,3257.0
1994-07-29,312403,-5852.0
1994-08-05,309883,-2520.0
1994-08-12,312998,3115.0
1994-08-19,310161,-2837.0
1994-08-26,307717,-2444.0
1994-09-02,307532,-185.0
1994-09-09,307270,-262.0
1994-09-16,308725,1455.0
1994-09-23,314620,5895.0
1994-09-30,317891,3271.0
1994-10-07,316959,-932.0
1994-10-14,321399,4440.0
1994-10-21,319570,-1829.0
1994-10-28,328905,9335.0
1994-11-04,327917,-988.0
1994-11-11,327189,-728.0
1994-11-18,324211,-2978.0
1994-11-25,321739,-2472.0
1994-12-02,321693,-46.0
1994-12-09,320205,-1488.0
1994-12-16,319550,-655.0
1994-12-23,320236,686.0
1994-12-30,312846,-7390.0
1995-01-06,314560,1714.0
1995-01-13,313278,-1282.0
1995-01-20,306864,-6414.0
1995-01-27,306583,-281.0
1995-02-03,309810,3227.0
1995-02-10,303476,-6334.0
1995-02-17,310839,7363.0
1995-02-24,305268,-5571.0
1995-03-03,308234,2966.0
1995-03-10,308719,485.0
1995-03-17,309258,539.0
1995-03-24,313308,4050.0
1995-03-31,321069,7761.0
1995-04-07,318266,-2803.0
1995-04-14,319450,1184.0
1995-04-21,322472,3022.0
1995-04-28,318365,-4107.0
1995-05-05,316444,-1921.0
1995-05-12,317267,823.0
1995-05-19,313118,-4149.0
1995-05-26,310099,-3019.0
1995-06-02,307943,-2156.0
1995-06-09,307390,-553.0
1995-06-16,306901,-489.0
1995-06-23,299434,-7467.0
1995-06-30,303160,3726.0
1995-07-07,301985,-1175.0
1995-07-14,301968,-17.0
1995-07-21,295085,-6883.0
1995-07-28,298034,2949.0
1995-08-04,291165,-6869.0
1995-08-11,293670,2505.0
1995-08-18,286280,-7390.0
1995-08-25,289233,2953.0
1995-09-01,296654,7421.0
1995-09-08,292052,-4602.0
1995-09-15,291145,-907.0
1995-09-22,290595,-550.0
1995-09-29,285540,-5055.0
1995-10-06,281156,-4384.0
1995-10-13,281131,-25.0
1995-10-20,283307,2176.0
1995-10-27,284831,1524.0
1995-11-03,288122,3291.0
1995-11-10,286496,-1626.0
1995-11-17,296105,9609.0
1995-11-24,302184,6079.0
1995-12-01,299072,-3112.0
1995-12-08,294812,-4260.0
1995-12-15,300674,5862.0
1995-12-22,294817,-5857.0
1995-12-29,284591,-10226.0
1996-01-05,285623,1032.0
1996-01-12,288551,2928.0
1996-01-19,292829,4278.0
1996-01-26,291084,-1745.0
1996-02-02,288674,-2410.0
1996-02-09,286440,-2234.0
1996-02-16,283380,-3060.0
1996-02-23,283723,343.0
1996-03-01,280448,-3275.0
1996-03-08,288673,8225.0
1996-03-15,283404,-5269.0
1996-03-22,282187,-1217.0
1996-03-29,280124,-2063.0
1996-04-05,282424,2300.0
1996-04-12,283823,1399.0
1996-04-19,279794,-4029.0
1996-04-26,279424,-370.0
1996-05-03,286604,7180.0
1996-05-10,284902,-1702.0
1996-05-17,280450,-4452.0
1996-05-24,281578,1128.0
1996-05-31,293515,11937.0
1996-06-07,291863,-1652.0
1996-06-14,288853,-3010.0
1996-06-21,289709,856.0
1996-06-28,296562,6853.0
1996-07-05,298222,1660.0
1996-07-12,295695,-2527.0
1996-07-19,291857,-3838.0
1996-07-26,292972,1115.0
1996-08-02,290295,-2677.0
1996-08-09,289134,-1161.0
1996-08-16,291014,1880.0
1996-08-23,300715,9701.0
1996-08-30,295650,-5065.0
1996-09-06,292562,-3088.0
1996-09-13,290575,-1987.0
1996-09-20,291751,1176.0
1996-09-27,286638,-5113.0
1996-10-04,286261,-377.0
1996-10-11,282960,-3301.0
1996-10-18,288701,5741.0
1996-10-25,285642,-3059.0
1996-11-01,295892,10250.0
1996-11-08,290762,-5130.0
1996-11-15,288297,-2465.0
1996-11-22,283501,-4796.0
1996-11-29,283728,227.0
1996-12-06,282735,-993.0
1996-12-13,279788,-2947.0
1996-12-20,273685,-6103.0
1996-12-27,276127,2442.0
1997-01-03,267904,-8223.0
1997-01-10,272956,5052.0
1997-01-17,271491,-1465.0
1997-01-24,274863,3372.0
1997-01-31,280898,6035.0
1997-02-07,284247,3349.0
1997-02-14,288732,4485.0
1997-02-21,288568,-164.0
1997-02-28,283145,-5423.0
1997-03-07,288475,5330.0
1997-03-14,288585,110.0
1997-03-21,287497,-1088.0
1997-03-28,293843,6346.0
1997-04-04,294041,198.0
1997-04-11,296665,2624.0
1997-04-18,298115,1450.0
1997-04-25,300941,2826.0
1997-05-02,300885,-56.0
1997-05-09,307280,6395.0
1997-05-16,301845,-5435.0
1997-05-23,305059,3214.0
1997-05-30,309261,4202.0
1997-06-06,308845,-416.0
1997-06-13,307589,-1256.0
1997-06-20,307126,-463.0
1997-06-27,301399,-5727.0
1997-07-04,306218,4819.0
1997-07-11,303759,-2459.0
1997-07-18,301774,-1985.0
1997-07-25,291884,-9890.0
1997-08-01,291120,-764.0
1997-08-08,296258,5138.0
1997-08-15,296882,624.0
1997-08-22,291628,-5254.0
1997-08-29,290026,-1602.0
1997-09-05,283928,-6098.0
1997-09-12,287722,3794.0
1997-09-19,283839,-3883.0
1997-09-26,285157,1318.0
1997-10-03,289944,4787.0
1997-10-10,287772,-2172.0
1997-10-17,284474,-3298.0
1997-10-24,289079,4605.0
1997-10-31,295098,6019.0
1997-11-07,293789,-1309.0
1997-11-14,299075,5286.0
1997-11-21,302849,3774.0
1997-11-28,305669,2820.0
1997-12-05,300911,-4758.0
1997-12-12,303451,2540.0
1997-12-19,299482,-3969.0
1997-12-26,296230,-3252.0
1998-01-02,289764,-6466.0
1998-01-09,288685,-1079.0
1998-01-16,299897,11212.0
1998-01-23,305583,5686.0
1998-01-30,304961,-622.0
1998-02-06,304983,22.0
1998-02-13,306685,1702.0
1998-02-20,309568,2883.0
1998-02-27,307969,-1599.0
1998-03-06,307194,-775.0
1998-03-13,305137,-2057.0
1998-03-20,311606,6469.0
1998-03-27,313200,1594.0
1998-04-03,314569,1369.0
1998-04-10,319899,5330.0
1998-04-17,324906,5007.0
1998-04-24,325209,303.0
1998-05-01,327368,2159.0
1998-05-08,326705,-663.0
1998-05-15,337928,11223.0
1998-05-22,334682,-3246.0
1998-05-29,330394,-4288.0
1998-06-05,329534,-860.0
1998-06-12,326836,-2698.0
1998-06-19,325182,-1654.0
1998-06-26,326843,1661.0
1998-07-03,324057,-2786.0
1998-07-10,317425,-6632.0
1998-07-17,322966,5541.0
1998-07-24,326795,3829.0
1998-07-31,327478,683.0
1998-08-07,328423,945.0
1998-08-14,327887,-536.0
1998-08-21,321012,-6875.0
1998-08-28,320694,-318.0
1998-09-04,312057,-8637.0
1998-09-11,309675,-2382.0
1998-09-18,300336,-9339.0
1998-09-25,303433,3097.0
1998-10-02,305893,2460.0
1998-10-09,312682,6789.0
1998-10-16,316227,3545.0
1998-10-23,319964,3737.0
1998-10-30,323739,3775.0
1998-11-06,322932,-807.0
1998-11-13,320397,-2535.0
1998-11-20,325554,5157.0
1998-11-27,319986,-5568.0
1998-12-04,318465,-1521.0
1998-12-11,321884,3419.0
1998-12-18,323364,1480.0
1998-12-25,320706,-2658.0
1999-01-01,305728,-14978.0
1999-01-08,308268,2540.0
1999-01-15,310975,2707.0
1999-01-22,314148,3173.0
1999-01-29,316730,2582.0
1999-02-05,317131,401.0
1999-02-12,315393,-1738.0
1999-02-19,318431,3038.0
1999-02-26,315274,-3157.0
1999-03-05,318266,2992.0
1999-03-12,321929,3663.0
1999-03-19,324736,2807.0
1999-03-26,328539,3803.0
1999-04-02,326768,-1771.0
1999-04-09,328885,2117.0
1999-04-16,325729,-3156.0
1999-04-23,322286,-3443.0
1999-04-30,320145,-2141.0
1999-05-07,317539,-2606.0
1999-05-14,318092,553.0
1999-05-21,315769,-2323.0
1999-05-28,314722,-1047.0
1999-06-04,316858,2136.0
1999-06-11,318672,1814.0
1999-06-18,315949,-2723.0
1999-06-25,314225,-1724.0
1999-07-02,314030,-195.0
1999-07-09,317718,3688.0
1999-07-16,318092,374.0
1999-07-23,312916,-5176.0
1999-07-30,309516,-3400.0
1999-08-06,307249,-2267.0
1999-08-13,305616,-1633.0
1999-08-20,301091,-4525.0
1999-08-27,301653,562.0
1999-09-03,297212,-4441.0
1999-09-10,292930,-4282.0
1999-09-17,293119,189.0
1999-09-24,288862,-4257.0
1999-10-01,288395,-467.0
1999-10-08,281186,-7209.0
1999-10-15,284609,3423.0
1999-10-22,284878,269.0
1999-10-29,288599,3721.0
1999-11-05,288955,356.0
1999-11-12,290755,1800.0
1999-11-19,287692,-3063.0
1999-11-26,283338,-4354.0
1999-12-03,283063,-275.0
1999-12-10,277477,-5586.0
1999-12-17,276646,-831.0
1999-12-24,276345,-301.0
1999-12-31,274626,-1719.0
2000-01-07,277549,2923.0
2000-01-14,277464,-85.0
2000-01-21,275032,-2432.0
2000-01-28,266614,-8418.0
2000-02-04,269982,3368.0
2000-02-11,269796,-186.0
2000-02-18,269487,-309.0
2000-02-25,269816,329.0
2000-03-03,274502,4686.0
2000-03-10,274933,431.0
2000-03-17,276572,1639.0
2000-03-24,276422,-150.0
2000-03-31,277924,1502.0
2000-04-07,280771,2847.0
2000-04-14,286265,5494.0
2000-04-21,291335,5070.0
2000-04-28,288071,-3264.0
2000-05-05,292607,4536.0
2000-05-12,292857,250.0
2000-05-19,293806,949.0
2000-05-26,289205,-4601.0
2000-06-02,285075,-4130.0
2000-06-09,283639,-1436.0
2000-06-16,279078,-4561.0
2000-06-23,279405,327.0
2000-06-30,277611,-1794.0
2000-07-07,278885,1274.0
2000-07-14,278400,-485.0
2000-07-21,278674,274.0
2000-07-28,268121,-10553.0
2000-08-04,269659,1538.0
2000-08-11,273059,3400.0
2000-08-18,268901,-4158.0
2000-08-25,270948,2047.0
2000-09-01,273691,2743.0
2000-09-08,272764,-927.0
2000-09-15,270282,-2482.0
2000-09-22,269781,-501.0
2000-09-29,270873,1092.0
2000-10-06,271752,879.0
2000-10-13,267235,-4517.0
2000-10-20,269640,2405.0
2000-10-27,268151,-1489.0
2000-11-03,266594,-1557.0
2000-11-10,268091,1497.0
2000-11-17,274255,6164.0
2000-11-24,274177,-78.0
2000-12-01,276195,2018.0
2000-12-08,272826,-3369.0
2000-12-15,275859,3033.0
2000-12-22,274608,-1251.0
2000-12-29,272771,-1837.0
2001-01-05,272072,-699.0
2001-01-12,271062,-1010.0
2001-01-19,269952,-1110.0
2001-01-26,266382,-3570.0
2001-02-02,269298,2916.0
2001-02-09,272662,3364.0
2001-02-16,260782,-11880.0
2001-02-23,263661,2879.0
2001-03-02,260949,-2712.0
2001-03-09,268920,7971.0
2001-03-16,273922,5002.0
2001-03-23,285110,11188.0
2001-03-30,286795,1685.0
2001-04-06,290606,3811.0
2001-04-13,296817,6211.0
2001-04-20,295392,-1425.0
2001-04-27,301717,6325.0
2001-05-04,302335,618.0
2001-05-11,304811,2476.0
2001-05-18,308153,3342.0
2001-05-25,306411,-1742.0
2001-06-01,307913,1502.0
2001-06-08,299709,-8204.0
2001-06-15,298981,-728.0
2001-06-22,298973,-8.0
2001-06-29,294220,-4753.0
2001-07-06,291112,-3108.0
2001-07-13,298133,7021.0
2001-07-20,299513,1380.0
2001-07-27,298463,-1050.0
2001-08-03,291804,-6659.0
2001-08-10,288954,-2850.0
2001-08-17,284951,-4003.0
2001-08-24,287648,2697.0
2001-08-31,285694,-1954.0
2001-09-07,286655,961.0
2001-09-14,286029,-626.0
2001-09-21,289215,3186.0
2001-09-28,290827,1612.0
2001-10-05,290699,-128.0
2001-10-12,286259,-4440.0
2001-10-19,289082,2823.0
2001-10-26,291538,2456.0
2001-11-02,295552,4014.0
2001-11-09,295285,-267.0
2001-11-16,294065,-1220.0
2001-11-23,290885,-3180.0
2001-11-30,295140,4255.0
2001-12-07,292803,-2337.0
2001-12-14,293164,361.0
2001-12-21,295777,2613.0
2001-12-28,293607,-2170.0
2002-01-04,294406,799.0
2002-01-11,295434,1028.0
2002-01-18,298183,2749.0
2002-01-25,300289,2106.0
2002-02-01,302497,2208.0
2002-02-08,304998,2501.0
2002-02-15,301890,-3108.0
2002-02-22,299422,-2468.0
2002-03-01,303756,4334.0
2002-03-08,304089,333.0
2002-03-15,306697,2608.0
2002-03-22,302253,-4444.0
2002-03-29,308278,6025.0
2002-04-05,308541,263.0
2002-04-12,302876,-5665.0
2002-04-19,304462,1586.0
2002-04-26,309034,4572.0
2002-05-03,303358,-5676.0
2002-05-10,299171,-4187.0
2002-05-17,303801,4630.0
2002-05-24,302265,-1536.0
2002-05-31,308297,6032.0
2002-06-07,307115,-1182.0
2002-06-14,306632,-483.0
2002-06-21,303193,-3439.0
2002-06-28,304766,1573.0
2002-07-05,300361,-4405.0
2002-07-12,298381,-1980.0
2002-07-19,294699,-3682.0
2002-07-26,292722,-1977.0
2002-08-02,290642,-2080.0
2002-08-09,283437,-7205.0
2002-08-16,286290,2853.0
2002-08-23,286554,264.0
2002-08-30,281926,-4628.0
2002-09-06,276874,-5052.0
2002-09-13,271470,-5404.0
2002-09-20,268878,-2592.0
2002-09-27,258896,-9982.0
2002-10-04,254248,-4648.0
2002-10-11,263223,8975.0
2002-10-18,270000,6777.0
2002-10-25,270914,914.0
2002-11-01,274396,3482.0
2002-11-08,267506,-6890.0
2002-11-15,271961,4455.0
2002-11-22,268062,-3899.0
2002-11-29,271138,3076.0
2002-12-06,272561,1423.0
2002-12-13,270500,-2061.0
2002-12-20,271215,715.0
2002-12-27,262089,-9126.0
2003-01-03,262508,419.0
2003-01-10,256079,-6429.0
2003-01-17,257664,1585.0
2003-01-24,257156,-508.0
2003-01-31,258100,944.0
2003-02-07,253779,-4321.0
2003-02-14,256837,3058.0
2003-02-21,255803,-1034.0
2003-02-28,257500,1697.0
2003-03-07,253212,-4288.0
2003-03-14,253684,472.0
2003-03-21,257389,3705.0
2003-03-28,264122,6733.0
2003-04-04,260624,-3498.0
2003-04-11,260756,132.0
2003-04-18,269727,8971.0
2003-04-25,271549,1822.0
2003-05-02,271099,-450.0
2003-05-09,268376,-2723.0
2003-05-16,269040,664.0
2003-05-23,270067,1027.0
2003-05-30,272931,2864.0
2003-06-06,268240,-4691.0
2003-06-13,272224,3984.0
2003-06-20,268079,-4145.0
2003-06-27,265963,-2116.0
2003-07-04,265819,-144.0
2003-07-11,262189,-3630.0
2003-07-18,259850,-2339.0
2003-07-25,260944,1094.0
2003-08-01,264082,3138.0
2003-08-08,264262,180.0
2003-08-15,262676,-1586.0
2003-08-22,262492,-184.0
2003-08-29,264253,1761.0
2003-09-05,259784,-4469.0
2003-09-12,262933,3149.0
2003-09-19,264423,1490.0
2003-09-26,264376,-47.0
2003-10-03,269223,4847.0
2003-10-10,273020,3797.0
2003-10-17,271225,-1795.0
2003-10-24,274865,3640.0
2003-10-31,274914,49.0
2003-11-07,273975,-939.0
2003-11-14,276885,2910.0
2003-11-21,271996,-4889.0
2003-11-28,267167,-4829.0
2003-12-05,261722,-5445.0
2003-12-12,256598,-5124.0
2003-12-19,258243,1645.0
2003-12-26,254466,-3777.0
2004-01-02,252611,-1855.0
2004-01-09,247627,-4984.0
2004-01-16,248839,1212.0
2004-01-23,247323,-1516.0
2004-01-30,255245,7922.0
2004-02-06,252192,-3053.0
2004-02-13,257092,4900.0
2004-02-20,257092,0.0
2004-02-27,259092,2000.0
2004-03-05,262729,3637.0
2004-03-12,264309,1580.0
2004-03-19,271841,7532.0
2004-03-26,277539,5698.0
2004-04-02,276118,-1421.0
2004-04-09,279266,3148.0
2004-04-16,279474,208.0
2004-04-23,282653,3179.0
2004-04-30,282748,95.0
2004-05-07,283676,928.0
2004-05-14,282580,-1096.0
2004-05-21,282605,25.0
2004-05-28,285384,2779.0
2004-06-04,286099,715.0
2004-06-11,286951,852.0
2004-06-18,289366,2415.0
2004-06-25,288862,-504.0
2004-07-02,288952,90.0
2004-07-09,286780,-2172.0
2004-07-16,283207,-3573.0
2004-07-23,284379,1172.0
2004-07-30,282564,-1815.0
2004-08-06,278427,-4137.0
2004-08-13,277216,-1211.0
2004-08-20,275516,-1700.0
2004-08-27,271284,-4232.0
2004-09-03,269754,-1530.0
2004-09-10,262742,-7012.0
2004-09-17,253630,-9112.0
2004-09-24,257031,3401.0
2004-10-01,257912,881.0
2004-10-08,262115,4203.0
2004-10-15,263313,1198.0
2004-10-22,267257,3944.0
2004-10-29,273529,6272.0
2004-11-05,275232,1703.0
2004-11-12,276047,815.0
2004-11-19,276132,85.0
2004-11-26,276981,849.0
2004-12-03,277522,541.0
2004-12-10,277396,-126.0
2004-12-17,279520,2124.0
2004-12-24,278661,-859.0
2004-12-31,275442,-3219.0
2005-01-07,273060,-2382.0
2005-01-14,276461,3401.0
2005-01-21,279890,3429.0
2005-01-28,279566,-324.0
2005-02-04,278156,-1410.0
2005-02-11,280298,2142.0
2005-02-18,280906,608.0
2005-02-25,283301,2395.0
2005-03-04,286276,2975.0
2005-03-11,288869,2593.0
2005-03-18,292966,4097.0
2005-03-25,298349,5383.0
2005-04-01,301151,2802.0
2005-04-08,304805,3654.0
2005-04-15,303032,-1773.0
2005-04-22,308447,5415.0
2005-04-29,311127,2680.0
2005-05-06,313562,2435.0
2005-05-13,317905,4343.0
2005-05-20,316218,-1687.0
2005-05-27,317706,1488.0
2005-06-03,314711,-2995.0
2005-06-10,312928,-1783.0
2005-06-17,311349,-1579.0
2005-06-24,312453,1104.0
2005-07-01,308884,-3569.0
2005-07-08,304985,-3899.0
2005-07-15,304085,-900.0
2005-07-22,301840,-2245.0
2005-07-29,302036,196.0
2005-08-05,304790,2754.0
2005-08-12,305031,241.0
2005-08-19,306883,1852.0
2005-08-26,305363,-1520.0
2005-09-02,298938,-6425.0
2005-09-09,292378,-6560.0
2005-09-16,292056,-322.0
2005-09-23,289644,-2412.0
2005-09-30,289398,-246.0
2005-10-07,290324,926.0
2005-10-14,295879,5555.0
2005-10-21,300293,4414.0
2005-10-28,303027,2734.0
2005-11-04,307436,4409.0
2005-11-11,305277,-2159.0
2005-11-18,305631,354.0
2005-11-25,301443,-4188.0
2005-12-02,304230,2787.0
2005-12-09,305122,892.0
2005-12-16,306422,1300.0
2005-12-23,306540,118.0
2005-12-30,305527,-1013.0
2006-01-06,302584,-2943.0
2006-01-13,305325,2741.0
2006-01-20,303016,-2309.0
2006-01-27,304935,1919.0
2006-02-03,304523,-412.0
2006-02-10,309376,4853.0
2006-02-17,310497,1121.0
2006-02-24,312135,1638.0
2006-03-03,318776,6641.0
2006-03-10,323612,4836.0
2006-03-17,322302,-1310.0
2006-03-24,324332,2030.0
2006-03-31,326442,2110.0
2006-04-07,329594,3152.0
2006-04-14,328788,-806.0
2006-04-21,328562,-226.0
2006-04-28,330289,1727.0
2006-05-05,330615,326.0
2006-05-12,330550,-65.0
2006-05-19,327552,-2998.0
2006-05-26,329151,1599.0
2006-06-02,330434,1283.0
2006-06-09,329454,-980.0
2006-06-16,330839,1385.0
2006-06-23,327510,-3329.0
2006-06-30,325089,-2421.0
2006-07-07,319159,-5930.0
2006-07-14,319310,151.0
2006-07-21,319340,30.0
2006-07-28,317566,-1774.0
2006-08-04,316380,-1186.0
2006-08-11,314773,-1607.0
2006-08-18,314130,-643.0
2006-08-25,316611,2481.0
2006-09-01,314507,-2104.0
2006-09-08,311603,-2904.0
2006-09-15,308755,-2848.0
2006-09-22,308646,-109.0
2006-09-29,312001,3355.0
2006-10-06,314132,2131.0
2006-10-13,319152,5020.0
2006-10-20,315947,-3205.0
2006-10-27,317857,1910.0
2006-11-03,318374,517.0
2006-11-10,319657,1283.0
2006-11-17,324818,5161.0
2006-11-24,324458,-360.0
2006-12-01,323268,-1190.0
2006-12-08,318973,-4295.0
2006-12-15,312650,-6323.0
2006-12-22,304518,-8132.0
2006-12-29,303219,-1299.0
2007-01-05,297470,-5749.0
2007-01-12,304238,6768.0
2007-01-19,305027,789.0
2007-01-26,307711,2684.0
2007-02-02,307193,-518.0
2007-02-09,306604,-589.0
2007-02-16,310298,3694.0
2007-02-23,311719,1421.0
2007-03-02,306822,-4897.0
2007-03-09,308002,1180.0
2007-03-16,311926,3924.0
2007-03-23,311080,-846.0
2007-03-30,315387,4307.0
2007-04-06,316219,832.0
2007-04-13,315225,-994.0
2007-04-20,317299,2074.0
2007-04-27,318468,1169.0
2007-05-04,323940,5472.0
2007-05-11,325001,1061.0
2007-05-18,326970,1969.0
2007-05-25,325014,-1956.0
2007-06-01,325227,213.0
2007-06-08,325309,82.0
2007-06-15,332211,6902.0
2007-06-22,333773,1562.0
2007-06-29,336924,3151.0
2007-07-06,335336,-1588.0
2007-07-13,334887,-449.0
2007-07-20,333784,-1103.0
2007-07-27,327287,-6497.0
2007-08-03,323326,-3961.0
2007-08-10,318159,-5167.0
2007-08-17,320049,1890.0
2007-08-24,316563,-3486.0
2007-08-31,312591,-3972.0
2007-09-07,305578,-7013.0
2007-09-14,301704,-3874.0
2007-09-21,303546,1842.0
2007-09-28,304684,1138.0
2007-10-05,302875,-1809.0
2007-10-12,304659,1784.0
2007-10-19,299371,-5288.0
2007-10-26,295477,-3894.0
2007-11-02,294517,-960.0
2007-11-09,297331,2814.0
2007-11-16,296260,-1071.0
2007-11-23,295808,-452.0
2007-11-30,287895,-7913.0
2007-12-07,286806,-1089.0
2007-12-14,279220,-7586.0
2007-12-21,275921,-3299.0
2007-12-28,271865,-4056.0
2008-01-04,265361,-6504.0
2008-01-11,269620,4259.0
2008-01-18,271917,2297.0
2008-01-25,275472,3555.0
2008-02-01,282340,6868.0
2008-02-08,283406,1066.0
2008-02-15,287610,4204.0
2008-02-22,290841,3231.0
2008-02-29,287785,-3056.0
2008-03-07,294185,6400.0
2008-03-14,294318,133.0
2008-03-21,294406,88.0
2008-03-28,301723,7317.0
2008-04-04,298516,-3207.0
2008-04-11,296160,-2356.0
2008-04-18,298581,2421.0
2008-04-25,302429,3848.0
2008-05-02,308082,5653.0
2008-05-09,308258,176.0
2008-05-16,302941,-5317.0
2008-05-23,294058,-8883.0
2008-05-30,289256,-4802.0
2008-06-06,284679,-4577.0
2008-06-13,283437,-1242.0
2008-06-20,284240,803.0
2008-06-27,282258,-1982.0
2008-07-04,276552,-5706.0
2008-07-11,279504,2952.0
2008-07-18,277946,-1558.0
2008-07-25,277865,-81.0
2008-08-01,279363,1498.0
2008-08-08,279047,-316.0
2008-08-15,288437,9390.0
2008-08-22,288260,-177.0
2008-08-29,286362,-1898.0
2008-09-05,280482,-5880.0
2008-09-12,274154,-6328.0
2008-09-19,272634,-1520.0
2008-09-26,276912,4278.0
2008-10-03,285104,8192.0
2008-10-10,290715,5611.0
2008-10-17,293897,3182.0
2008-10-24,294390,493.0
2008-10-31,294444,54.0
2008-11-07,294394,-50.0
2008-11-14,295993,1599.0
2008-11-21,303273,7280.0
2008-11-28,302817,-456.0
2008-12-05,303169,352.0
2008-12-12,303694,525.0
2008-12-19,300593,-3101.0
2008-12-26,301142,549.0
2009-01-02,307236,6094.0
2009-01-09,308380,1144.0
2009-01-16,314480,6100.0
2009-01-23,320698,6218.0
2009-01-30,327868,7170.0
2009-02-06,332487,4619.0
2009-02-13,332349,-138.0
2009-02-20,333066,717.0
2009-02-27,332309,-757.0
2009-03-06,332824,515.0
2009-03-13,334766,1942.0
2009-03-20,338068,3302.0
2009-03-27,340912,2844.0
2009-04-03,342328,1416.0
2009-04-10,347999,5671.0
2009-04-17,351856,3857.0
2009-04-24,355909,4053.0
2009-05-01,356863,954.0
2009-05-08,352234,-4629.0
2009-05-15,350129,-2105.0
2009-05-22,344716,-5413.0
2009-05-29,347582,2866.0
2009-06-05,343186,-4396.0
2009-06-12,339312,-3874.0
2009-06-19,335444,-3868.0
2009-06-26,331784,-3660.0
2009-07-03,329083,-2701.0
2009-07-10,326270,-2813.0
2009-07-17,324474,-1796.0
2009-07-24,329626,5152.0
2009-07-31,331296,1670.0
2009-08-07,333992,2696.0
2009-08-14,325595,-8397.0
2009-08-21,325723,128.0
2009-08-28,325351,-372.0
2009-09-04,319545,-5806.0
2009-09-11,314816,-4729.0
2009-09-18,317671,2855.0
2009-09-25,320467,2796.0
2009-10-02,319333,-1134.0
2009-10-09,319667,334.0
2009-10-16,320979,1312.0
2009-10-23,321757,778.0
2009-10-30,317821,-3936.0
2009-11-06,319609,1788.0
2009-11-13,318722,-887.0
2009-11-20,319741,1019.0
2009-11-27,321832,2091.0
2009-12-04,318037,-3795.0
2009-12-11,314348,-3689.0
2009-12-18,309507,-4841.0
2009-12-25,307969,-1538.0
2010-01-01,306626,-1343.0
2010-01-08,310325,3699.0
2010-01-15,309854,-471.0
2010-01-22,305966,-3888.0
2010-01-29,308283,2317.0
2010-02-05,310577,2294.0
2010-02-12,313662,3085.0
2010-02-19,316696,3034.0
2010-02-26,320730,4034.0
2010-03-05,322200,1470.0
2010-03-12,323212,1012.0
2010-03-19,330457,7245.0
2010-03-26,333386,2929.0
2010-04-02,335532,2146.0
2010-04-09,333330,-2202.0
2010-04-16,335224,1894.0
2010-04-23,337187,1963.0
2010-04-30,339942,2755.0
2010-05-07,341861,1919.0
2010-05-14,342023,162.0
2010-05-21,344483,2460.0
2010-05-28,342581,-1902.0
2010-06-04,340906,-1675.0
2010-06-11,342596,1690.0
2010-06-18,344613,2017.0
2010-06-25,342606,-2007.0
2010-07-02,337562,-5044.0
2010-07-09,332504,-5058.0
2010-07-16,332864,360.0
2010-07-23,340172,7308.0
2010-07-30,337388,-2784.0
2010-08-06,334390,-2998.0
2010-08-13,333572,-818.0
2010-08-20,337680,4108.0
2010-08-27,341105,3425.0
2010-09-03,339337,-1768.0
2010-09-10,336848,-2489.0
2010-09-17,337818,970.0
2010-09-24,337343,-475.0
2010-10-01,340186,2843.0
2010-10-08,339770,-416.0
2010-10-15,340437,667.0
2010-10-22,345444,5007.0
2010-10-29,347394,1950.0
2010-11-05,343849,-3545.0
2010-11-12,336563,-7286.0
2010-11-19,337592,1029.0
2010-11-26,338658,1066.0
2010-12-03,334524,-4134.0
2010-12-10,324670,-9854.0
2010-12-17,319337,-5333.0
2010-12-24,318079,-1258.0
2010-12-31,313918,-4161.0
2011-01-07,311526,-2392.0
2011-01-14,314143,2617.0
2011-01-21,318979,4836.0
2011-01-28,321573,2594.0
2011-02-04,323404,1831.0
2011-02-11,324264,860.0
2011-02-18,325086,822.0
2011-02-25,324722,-364.0
2011-03-04,327099,2377.0
2011-03-11,328844,1745.0
2011-03-18,330975,2131.0
2011-03-25,333920,2945.0
2011-04-01,335536,1616.0
2011-04-08,337163,1627.0
2011-04-15,334841,-2322.0
2011-04-22,340997,6156.0
2011-04-29,344418,3421.0
2011-05-06,348050,3632.0
2011-05-13,348035,-15.0
2011-05-20,348651,616.0
2011-05-27,351529,2878.0
2011-06-03,346897,-4632.0
2011-06-10,343491,-3406.0
2011-06-17,341780,-1711.0
2011-06-24,337405,-4375.0
2011-07-01,336532,-873.0
2011-07-08,333408,-3124.0
2011-07-15,329681,-3727.0
2011-07-22,331977,2296.0
2011-07-29,332927,950.0
2011-08-05,327806,-5121.0
2011-08-12,332039,4233.0
2011-08-19,329826,-2213.0
2011-08-26,335107,5281.0
2011-09-02,331146,-3961.0
2011-09-09,324442,-6704.0
2011-09-16,317106,-7336.0
2011-09-23,319021,1915.0
2011-09-30,314342,-4679.0
2011-10-07,315575,1233.0
2011-10-14,310846,-4729.0
2011-10-21,315581,4735.0
2011-10-28,317407,1826.0
2011-11-04,315819,-1588.0
2011-11-11,314763,-1056.0
2011-11-18,308544,-6219.0
2011-11-25,312476,3932.0
2011-12-02,313625,1149.0
2011-12-09,311693,-1932.0
2011-12-16,301123,-10570.0
2011-12-23,305022,3899.0
2011-12-30,307231,2209.0
2012-01-06,309056,1825.0
2012-01-13,305618,-3438.0
2012-01-20,309176,3558.0
2012-01-27,313351,4175.0
2012-02-03,313642,291.0
2012-02-10,313471,-171.0
2012-02-17,315104,1633.0
2012-02-24,319264,4160.0
2012-03-02,320112,848.0
2012-03-09,321862,1750.0
2012-03-16,320700,-1162.0
2012-03-23,327802,7102.0
2012-03-30,336811,9009.0
2012-04-06,339377,2566.0
2012-04-13,343233,3856.0
2012-04-20,347211,3978.0
2012-04-27,350051,2840.0
2012-05-04,355340,5289.0
2012-05-11,357468,2128.0
2012-05-18,358351,883.0
2012-05-25,360564,2213.0
2012-06-01,358801,-1763.0
2012-06-08,358610,-191.0
2012-06-15,361471,2861.0
2012-06-22,361338,-133.0
2012-06-29,357068,-4270.0
2012-07-06,352213,-4855.0
2012-07-13,351404,-809.0
2012-07-20,354121,2717.0
2012-07-27,347599,-6522.0
2012-08-03,343824,-3775.0
2012-08-10,340125,-3699.0
2012-08-17,334713,-5412.0
2012-08-24,338491,3778.0
2012-08-31,331065,-7426.0
2012-09-07,332474,1409.0
2012-09-14,341008,8534.0
2012-09-21,338562,-2446.0
2012-09-28,338080,-482.0
2012-10-05,339592,1512.0
2012-10-12,342452,2860.0
2012-10-19,348348,5896.0
2012-10-26,346303,-2045.0
2012-11-02,347850,1547.0
2012-11-09,348939,1089.0
2012-11-16,347473,-1466.0
2012-11-23,347126,-347.0
2012-11-30,344769,-2357.0
2012-12-07,344909,140.0
2012-12-14,343945,-964.0
2012-12-21,343359,-586.0
2012-12-28,332239,-11120.0
2013-01-04,333131,892.0
2013-01-11,332180,-951.0
2013-01-18,334993,2813.0
2013-01-25,340940,5947.0
2013-02-01,343274,2334.0
2013-02-08,343834,560.0
2013-02-15,347977,4143.0
2013-02-22,349107,1130.0
2013-03-01,352843,3736.0
2013-03-08,355467,2624.0
2013-03-15,354153,-1314.0
2013-03-22,357409,3256.0
2013-03-29,360116,2707.0
2013-04-05,359998,-118.0
2013-04-12,358765,-1233.0
2013-04-19,359712,947.0
2013-04-26,366408,6696.0
2013-05-03,366779,371.0
2013-05-10,366155,-624.0
2013-05-17,365817,-338.0
2013-05-24,368817,3000.0
2013-05-31,362550,-6267.0
2013-06-07,365179,2629.0
2013-06-14,365492,313.0
2013-06-21,365510,18.0
2013-06-28,355163,-10347.0
2013-07-05,345426,-9737.0
2013-07-12,338524,-6902.0
2013-07-19,335699,-2825.0
2013-07-26,336130,431.0
2013-08-02,334699,-1431.0
2013-08-09,331887,-2812.0
2013-08-16,330459,-1428.0
2013-08-23,333445,2986.0
2013-08-30,331609,-1836.0
2013-09-06,330991,-618.0
2013-09-13,326623,-4368.0
2013-09-20,329258,2635.0
2013-09-27,334730,5472.0
2013-10-04,341474,6744.0
2013-10-11,345473,3999.0
2013-10-18,350719,5246.0
2013-10-25,354806,4087.0
2013-11-01,355995,1189.0
2013-11-08,358635,2640.0
2013-11-15,359010,375.0
2013-11-22,361963,2953.0
2013-11-29,356378,-5585.0
2013-12-06,345374,-11004.0
2013-12-13,342433,-2941.0
2013-12-20,337702,-4731.0
2013-12-27,330695,-7007.0
2014-01-03,326737,-3958.0
2014-01-10,319079,-7658.0
2014-01-17,320069,990.0
2014-01-24,326490,6421.0
2014-01-31,326930,440.0
2014-02-07,329983,3053.0
2014-02-14,330956,973.0
2014-02-21,331024,68.0
2014-02-28,332453,1429.0
2014-03-07,338333,5880.0
2014-03-14,344183,5850.0
2014-03-21,350802,6619.0
2014-03-28,348423,-2379.0
2014-04-04,352341,3918.0
2014-04-11,362354,10013.0
2014-04-18,365878,3524.0
2014-04-25,367576,1698.0
2014-05-02,366004,-1572.0
2014-05-09,366951,947.0
2014-05-16,359725,-7226.0
2014-05-23,361382,1657.0
2014-05-30,357951,-3431.0
2014-06-06,355221,-2730.0
2014-06-13,354642,-579.0
2014-06-20,356384,1742.0
2014-06-27,353229,-3155.0
2014-07-04,350822,-2407.0
2014-07-11,343297,-7525.0
2014-07-18,339328,-3969.0
2014-07-25,335631,-3697.0
2014-08-01,334167,-1464.0
2014-08-08,335568,1401.0
2014-08-15,331094,-4474.0
2014-08-22,329024,-2070.0
2014-08-29,328119,-905.0
2014-09-05,327428,-691.0
2014-09-12,331101,3673.0
2014-09-19,326828,-4273.0
2014-09-26,325465,-1363.0
2014-10-03,330380,4915.0
2014-10-10,339303,8923.0
2014-10-17,346414,7111.0
2014-10-24,348475,2061.0
2014-10-31,348935,460.0
2014-11-07,346150,-2785.0
2014-11-14,348758,2608.0
2014-11-21,350704,1946.0
2014-11-28,347015,-3689.0
2014-12-05,348313,1298.0
2014-12-12,347466,-847.0
2014-12-19,354733,7267.0
2014-12-26,352979,-1754.0
2015-01-02,348806,-4173.0
2015-01-09,354195,5389.0
2015-01-16,364266,10071.0
2015-01-23,373140,8874.0
2015-01-30,379473,6333.0
2015-02-06,383800,4327.0
2015-02-13,391516,7716.0
2015-02-20,399943,8427.0
2015-02-27,410246,10303.0
2015-03-06,415425,5179.0
2015-03-13,425047,9622.0
2015-03-20,433217,8170.0
2015-03-27,437983,4766.0
2015-04-03,449662,11679.0
2015-04-10,450956,1294.0
2015-04-17,456271,5315.0
2015-04-24,458181,1910.0
2015-05-01,454079,-4102.0
2015-05-08,451888,-2191.0
2015-05-15,449214,-2674.0
2015-05-22,446412,-2802.0
2015-05-29,444464,-1948.0
2015-06-05,438447,-6017.0
2015-06-12,435771,-2676.0
2015-06-19,430837,-4934.0
2015-06-26,433223,2386.0
2015-07-03,433714,491.0
2015-07-10,429368,-4346.0
2015-07-17,431836,2468.0
2015-07-24,427633,-4203.0
2015-07-31,423226,-4407.0
2015-08-07,421822,-1404.0
2015-08-14,424442,2620.0
2015-08-21,418990,-5452.0
2015-08-28,423657,4667.0
2015-09-04,426062,2405.0
2015-09-11,423958,-2104.0
2015-09-18,422033,-1925.0
2015-09-25,425988,3955.0
2015-10-02,429028,3040.0
2015-10-09,436590,7562.0
2015-10-16,444618,8028.0
2015-10-23,447994,3376.0
2015-10-30,450841,2847.0
2015-11-06,454822,3981.0
2015-11-13,455074,252.0
2015-11-20,456035,961.0
2015-11-27,457212,1177.0
2015-12-04,453553,-3659.0
2015-12-11,458354,4801.0
2015-12-18,452477,-5877.0
2015-12-25,455106,2629.0
2016-01-01,450956,-4150.0
2016-01-08,451190,234.0
2016-01-15,455169,3979.0
2016-01-22,463552,8383.0
2016-01-29,471344,7792.0
2016-02-05,470676,-668.0
2016-02-12,472823,2147.0
2016-02-19,476325,3502.0
2016-02-26,486699,10374.0
2016-03-04,490843,4144.0
2016-03-11,492160,1317.0
2016-03-18,501517,9357.0
2016-03-25,503816,2299.0
2016-04-01,498598,-5218.0
2016-04-08,505232,6634.0
2016-04-15,507312,2080.0
2016-04-22,509311,1999.0
2016-04-29,512095,2784.0
2016-05-06,508487,-3608.0
2016-05-13,509797,1310.0
2016-05-20,505571,-4226.0
2016-05-27,504205,-1366.0
2016-06-03,501844,-2361.0
2016-06-10,500911,-933.0
2016-06-17,499994,-917.0
2016-06-24,495941,-4053.0
2016-07-01,493718,-2223.0
2016-07-08,491172,-2546.0
2016-07-15,488830,-2342.0
2016-07-22,490501,1671.0
2016-07-29,491914,1413.0
2016-08-05,492969,1055.0
2016-08-12,490461,-2508.0
2016-08-19,492962,2501.0
2016-08-26,495238,2276.0
2016-09-02,480725,-14513.0
2016-09-09,480166,-559.0
2016-09-16,473966,-6200.0
2016-09-23,472084,-1882.0
2016-09-30,469108,-2976.0
2016-10-07,473958,4850.0
2016-10-14,468711,-5247.0
2016-10-21,468158,-553.0
2016-10-28,482578,14420.0
2016-11-04,485010,2432.0
2016-11-11,490284,5274.0
2016-11-18,489029,-1255.0
2016-11-25,488145,-884.0
2016-12-02,485756,-2389.0
2016-12-09,483193,-2563.0
2016-12-16,485449,2256.0
2016-12-23,486063,614.0
2016-12-30,479012,-7051.0
2017-01-06,483109,4097.0
2017-01-13,485456,2347.0
2017-01-20,488296,2840.0
2017-01-27,494762,6466.0
2017-02-03,508592,13830.0
2017-02-10,518119,9527.0
2017-02-17,518683,564.0
2017-02-24,520184,1501.0
2017-03-03,528393,8209.0
2017-03-10,528156,-237.0
2017-03-17,533110,4954.0
2017-03-24,533977,867.0
2017-03-31,535543,1566.0
2017-04-07,533377,-2166.0
2017-04-14,532343,-1034.0
2017-04-21,528702,-3641.0
2017-04-28,527772,-930.0
2017-05-05,522525,-5247.0
2017-05-12,520772,-1753.0
2017-05-19,516340,-4432.0
2017-05-26,509912,-6428.0
2017-06-02,513207,3295.0
2017-06-09,511546,-1661.0
2017-06-16,509095,-2451.0
2017-06-23,509213,118.0
2017-06-30,502914,-6299.0
2017-07-07,495350,-7564.0
2017-07-14,490623,-4727.0
2017-07-21,483415,-7208.0
2017-07-28,481888,-1527.0
2017-08-04,475437,-6451.0
2017-08-11,466492,-8945.0
2017-08-18,463165,-3327.0
2017-08-25,457773,-5392.0
2017-09-01,462353,4580.0
2017-09-08,468241,5888.0
2017-09-15,472832,4591.0
2017-09-22,470986,-1846.0
2017-09-29,464963,-6023.0
2017-10-06,462216,-2747.0
2017-10-13,456485,-5731.0
2017-10-20,457341,856.0
2017-10-27,454906,-2435.0
2017-11-03,457143,2237.0
2017-11-10,458997,1854.0
2017-11-17,457142,-1855.0
2017-11-24,453713,-3429.0
2017-12-01,448103,-5610.0
2017-12-08,442986,-5117.0
2017-12-15,436491,-6495.0
2017-12-22,431882,-4609.0
2017-12-29,424463,-7419.0
2018-01-05,419515,-4948.0
2018-01-12,412654,-6861.0
2018-01-19,411583,-1071.0
2018-01-26,418359,6776.0
2018-02-02,420254,1895.0
2018-02-09,422095,1841.0
2018-02-16,420479,-1616.0
2018-02-23,423498,3019.0
2018-03-02,425906,2408.0
2018-03-09,430928,5022.0
2018-03-16,428306,-2622.0
2018-03-23,429949,1643.0
2018-03-30,425332,-4617.0
2018-04-06,428638,3306.0
2018-04-13,427567,-1071.0
2018-04-20,429737,2170.0
2018-04-27,435955,6218.0
2018-05-04,433758,-2197.0
2018-05-11,432354,-1404.0
2018-05-18,438132,5778.0
2018-05-25,434512,-3620.0
2018-06-01,436584,2072.0
2018-06-08,432441,-4143.0
2018-06-15,426527,-5914.0
2018-06-22,416636,-9891.0
2018-06-29,417881,1245.0
2018-07-06,405248,-12633.0
2018-07-13,411084,5836.0
2018-07-20,404937,-6147.0
2018-07-27,408740,3803.0
2018-08-03,407389,-1351.0
2018-08-10,414194,6805.0
2018-08-17,408358,-5836.0
2018-08-24,405792,-2566.0
2018-08-31,401490,-4302.0
2018-09-07,396194,-5296.0
2018-09-14,394137,-2057.0
2018-09-21,395989,1852.0
2018-09-28,403964,7975.0
2018-10-05,409951,5987.0
2018-10-12,416441,6490.0
2018-10-19,422787,6346.0
2018-10-26,426004,3217.0
2018-11-02,431787,5783.0
2018-11-09,442057,10270.0
2018-11-16,446908,4851.0
2018-11-23,450485,3577.0
2018-11-30,443162,-7323.0
2018-12-07,441954,-1208.0
2018-12-14,441457,-497.0
2018-12-21,441411,-46.0
2018-12-28,441418,7.0
2019-01-04,439738,-1680.0
2019-01-11,437055,-2683.0
2019-01-18,445025,7970.0
2019-01-25,445944,919.0
2019-02-01,447207,1263.0
2019-02-08,450840,3633.0
2019-02-15,454512,3672.0
2019-02-22,445865,-8647.0
2019-03-01,452934,7069.0
2019-03-08,449072,-3862.0
2019-03-15,439483,-9589.0
2019-03-22,442283,2800.0
2019-03-29,449521,7238.0
2019-04-05,456550,7029.0
2019-04-12,455154,-1396.0
2019-04-19,460633,5479.0
2019-04-26,470567,9934.0
2019-05-03,466604,-3963.0
2019-05-10,472035,5431.0
2019-05-17,476775,4740.0
2019-05-24,476493,-282.0
2019-05-31,483264,6771.0
2019-06-07,485470,2206.0
2019-06-14,482364,-3106.0
2019-06-21,469576,-12788.0
2019-06-28,468491,-1085.0
2019-07-05,458992,-9499.0
2019-07-12,455876,-3116.0
2019-07-19,445041,-10835.0
2019-07-26,436545,-8496.0
2019-08-02,438930,2385.0
2019-08-09,440510,1580.0
2019-08-16,437778,-2732.0
2019-08-23,427751,-10027.0
2019-08-30,422980,-4771.0
2019-09-06,416068,-6912.0
2019-09-13,417126,1058.0
2019-09-20,419538,2412.0
2019-09-27,422642,3104.0
2019-10-04,425569,2927.0
2019-10-11,434850,9281.0
2019-10-18,433151,-1699.0
2019-10-25,438853,5702.0
2019-11-01,446782,7929.0
2019-11-08,449001,2219.0
2019-11-15,450380,1379.0
2019-11-22,451952,1572.0
2019-11-29,447096,-4856.0
2019-12-06,447918,822.0
2019-12-13,446833,-1085.0
2019-12-20,441359,-5474.0
2019-12-27,429896,-11463.0
2020-01-03,431060,1164.0
2020-01-10,428511,-2549.0
2020-01-17,428106,-405.0
2020-01-24,431654,3548.0
2020-01-31,435009,3355.0
2020-02-07,442468,7459.0
2020-02-14,442883,415.0
2020-02-21,443335,452.0
2020-02-28,444119,784.0
2020-03-06,451783,7664.0
2020-03-13,453737,1954.0
2020-03-20,455360,1623.0
2020-03-27,469193,13833.0
2020-04-03,484370,15177.0
2020-04-10,503618,19248.0
2020-04-17,518640,15022.0
2020-04-24,527631,8991.0
2020-05-01,532221,4590.0
2020-05-08,531476,-745.0
2020-05-15,526494,-4982.0
2020-05-22,534422,7928.0
2020-05-29,532345,-2077.0
2020-06-05,538065,5720.0
2020-06-12,539280,1215.0
2020-06-19,540722,1442.0
2020-06-26,533527,-7195.0
2020-07-03,539181,5654.0
2020-07-10,531688,-7493.0
2020-07-17,536580,4892.0
2020-07-24,525969,-10611.0
2020-07-31,518596,-7373.0
2020-08-07,514084,-4512.0
2020-08-14,512452,-1632.0
2020-08-21,507763,-4689.0
2020-08-28,498401,-9362.0
2020-09-04,500434,2033.0
2020-09-11,496045,-4389.0
2020-09-18,494406,-1639.0
2020-09-25,492426,-1980.0
2020-10-02,492927,501.0
2020-10-09,489109,-3818.0
2020-10-16,488107,-1002.0
2020-10-23,492427,4320.0
2020-10-30,484429,-7998.0
2020-11-06,488706,4277.0
2020-11-13,489475,769.0
2020-11-20,488721,-754.0
2020-11-27,488042,-679.0
2020-12-04,503231,15189.0
2020-12-11,500096,-3135.0
2020-12-18,499534,-562.0
2020-12-25,493469,-6065.0
2021-01-01,485459,-8010.0
2021-01-08,482211,-3248.0
2021-01-15,486563,4352.0
2021-01-22,476653,-9910.0
2021-01-29,475659,-994.0
2021-02-05,469014,-6645.0
2021-02-12,461757,-7257.0
2021-02-19,463042,1285.0
2021-02-26,484605,21563.0
2021-03-05,498403,13798.0
2021-03-12,500799,2396.0
2021-03-19,502711,1912.0
2021-03-26,501835,-876.0
2021-04-02,498313,-3522.0
2021-04-09,492423,-5890.0
2021-04-16,493017,594.0
2021-04-23,493107,90.0
2021-04-30,485117,-7990.0
2021-05-07,484691,-426.0
2021-05-14,486011,1320.0
2021-05-21,484349,-1662.0
2021-05-28,479270,-5079.0
2021-06-04,474029,-5241.0
2021-06-11,466674,-7355.0
2021-06-18,459060,-7614.0
2021-06-25,452342,-6718.0
2021-07-02,445476,-6866.0
2021-07-09,437580,-7896.0
2021-07-16,439687,2107.0
2021-07-23,435598,-4089.0
2021-07-30,439225,3627.0
2021-08-06,438777,-448.0
2021-08-13,435544,-3233.0
2021-08-20,432564,-2980.0
2021-08-27,425395,-7169.0
2021-09-03,423867,-1528.0
2021-09-10,417445,-6422.0
2021-09-17,413964,-3481.0
2021-09-24,418542,4578.0
2021-10-01,420887,2345.0
2021-10-08,426975,6088.0
2021-10-15,426544,-431.0
2021-10-22,430812,4268.0
2021-10-29,434102,3290.0
2021-11-05,435104,1002.0
2021-11-12,433003,-2101.0
2021-11-19,434020,1017.0
2021-11-26,433111,-909.0
2021-12-03,432870,-241.0
2021-12-10,428286,-4584.0
2021-12-17,423571,-4715.0
2021-12-24,419995,-3576.0
2021-12-31,417851,-2144.0
2022-01-07,413298,-4553.0
2022-01-14,413813,515.0
2022-01-21,416190,2377.0
2022-01-28,415143,-1047.0
2022-02-04,410387,-4756.0
2022-02-11,411508,1121.0
2022-02-18,416022,4514.0
2022-02-25,413425,-2597.0
2022-03-04,411562,-1863.0
2022-03-11,415907,4345.0
2022-03-18,413399,-2508.0
2022-03-25,409950,-3449.0
2022-04-01,412371,2421.0
2022-04-08,421753,9382.0
2022-04-15,413733,-8020.0
2022-04-22,414424,691.0
2022-04-29,415727,1303.0
2022-05-06,424214,8487.0
2022-05-13,420820,-3394.0
2022-05-20,419801,-1019.0
2022-05-27,414733,-5068.0
2022-06-03,416758,2025.0
2022-06-10,418714,1956.0
2022-06-17,418328,-386.0
2022-06-24,415566,-2762.0
2022-07-01,423800,8234.0
2022-07-08,427054,3254.0
2022-07-15,426609,-445.0
2022-07-22,422086,-4523.0
2022-07-29,426553,4467.0
2022-08-05,432010,5457.0
2022-08-12,424954,-7056.0
2022-08-19,421672,-3282.0
2022-08-26,418346,-3326.0
2022-09-02,427191,8845.0
2022-09-09,429633,2442.0
2022-09-16,430774,1141.0
2022-09-23,430559,-215.0
2022-09-30,429203,-1356.0
2022-10-07,439082,9879.0
2022-10-14,437357,-1725.0
2022-10-21,439945,2588.0
2022-10-28,436830,-3115.0
2022-11-04,440755,3925.0
2022-11-11,435355,-5400.0
2022-11-18,431665,-3690.0
2022-11-25,419084,-12581.0
2022-12-02,413898,-5186.0
2022-12-09,424129,10231.0
2022-12-16,418234,-5895.0
2022-12-23,418952,718.0
2022-12-30,420646,1694.0
2023-01-06,439607,18961.0
2023-01-13,448015,8408.0
2023-01-20,448548,533.0
2023-01-27,452688,4140.0
2023-02-03,455111,2423.0
2023-02-10,471394,16283.0
2023-02-17,479041,7647.0
2023-02-24,480207,1166.0
2023-03-03,478513,-1694.0
2023-03-10,480063,1550.0
2023-03-17,481180,1117.0
2023-03-24,473691,-7489.0
2023-03-31,469952,-3739.0
2023-04-07,470549,597.0
2023-04-14,465968,-4581.0
2023-04-21,460914,-5054.0
2023-04-28,459633,-1281.0
2023-05-05,462584,2951.0
2023-05-12,467624,5040.0
2023-05-19,455168,-12456.0
2023-05-26,459657,4489.0
2023-06-02,459205,-452.0
2023-06-09,467124,7919.0
2023-06-16,463293,-3831.0
2023-06-23,453690,-9603.0
2023-06-30,452182,-1508.0
2023-07-07,458128,5946.0
2023-07-14,457420,-708.0
2023-07-21,456820,-600.0
2023-07-28,439771,-17049.0
2023-08-04,445622,5851.0
2023-08-11,439662,-5960.0
2023-08-18,433528,-6134.0
2023-08-25,422944,-10584.0
2023-09-01,416637,-6307.0
2023-09-08,420592,3955.0
2023-09-15,418456,-2136.0
2023-09-22,416287,-2169.0
2023-09-29,414063,-2224.0
2023-10-06,424239,10176.0
2023-10-13,419748,-4491.0
2023-10-20,421120,1372.0
2023-10-27,421893,773.0
2023-11-03,435762,13869.0
2023-11-10,439354,3592.0
2023-11-17,448054,8700.0
2023-11-24,449664,1610.0
2023-12-01,445031,-4633.0
2023-12-08,440773,-4258.0
2023-12-15,443682,2909.0
2023-12-22,436568,-7114.0
2023-12-29,431065,-5503.0
2024-01-05,432403,1338.0
2024-01-12,429911,-2492.0
2024-01-19,420678,-9233.0
2024-01-26,421912,1234.0
2024-02-02,427432,5520.0
2024-02-09,439450,12018.0
2024-02-16,442964,3514.0
2024-02-23,447163,4199.0
2024-03-01,448530,1367.0
2024-03-08,446994,-1536.0
2024-03-15,445042,-1952.0
2024-03-22,448207,3165.0
2024-03-29,451417,3210.0
2024-04-05,457258,5841.0
2024-04-12,459993,2735.0
2024-04-19,453625,-6368.0
2024-04-26,460890,7265.0
2024-05-03,459528,-1362.0
2024-05-10,457020,-2508.0
2024-05-17,458845,1825.0
2024-05-24,454689,-4156.0
2024-05-31,455922,1233.0
2024-06-07,459652,3730.0
2024-06-14,457105,-2547.0
2024-06-21,460696,3591.0
2024-06-28,448539,-12157.0
2024-07-05,445096,-3443.0
2024-07-12,440226,-4870.0
2024-07-19,436485,-3741.0
2024-07-26,433049,-3436.0
2024-08-02,429321,-3728.0
2024-08-09,430678,1357.0
2024-08-16,426029,-4649.0
2024-08-23,425183,-846.0
2024-08-30,418310,-6873.0
2024-09-06,419143,833.0
2024-09-13,417513,-1630.0
2024-09-20,413042,-4471.0
2024-09-27,416931,3889.0
2024-10-04,422741,5810.0
2024-10-11,420550,-2191.0
2024-10-18,426024,5474.0
2024-10-25,425509,-515.0
2024-11-01,427658,2149.0
2024-11-08,429747,2089.0
2024-11-15,430292,545.0
2024-11-22,428448,-1844.0
2024-11-29,423375,-5073.0
2024-12-06,421950,-1425.0
2024-12-13,421016,-934.0
2024-12-20,416779,-4237.0
2024-12-27,415601,-1178.0
2025-01-03,414642,-959.0
2025-01-10,412680,-1962.0
2025-01-17,411663,-1017.0
2025-01-24,415126,3463.0
2025-01-31,423790,8664.0
2025-02-07,427860,4070.0
2025-02-14,432493,4633.0
2025-02-21,430161,-2332.0
2025-02-28,433775,3614.0
2025-03-07,435223,1448.0
2025-03-14,436968,1745.0
2025-03-21,433627,-3341.0
2025-03-28,439792,6165.0
2025-04-04,442345,2553.0
2025-04-11,442860,515.0
2025-04-18,443104,244.0
2025-04-25,440408,-2696.0
2025-05-02,438376,-2032.0
2025-05-09,441830,3454.0
2025-05-16,443158,1328.0
2025-05-23,440363,-2795.0
2025-05-30,436059,-4304.0
2025-06-06,432415,-3644.0
2025-06-13,420942,-11473.0
2025-06-20,415106,-5836.0
2025-06-27,418951,3845.0
2025-07-04,426021,7070.0
2025-07-11,422162,-3859.0
2025-07-18,418993,-3169.0
2025-07-25,426691,7698.0
2025-08-01,423662,-3029.0
2025-08-08,426698,3036.0
2025-08-15,420684,-6014.0
2025-08-22,418292,-2392.0
2025-08-29,420707,2415.0
2025-09-05,424646,3939.0
2025-09-12,415361,-9285.0
2025-09-19,414754,-607.0
2025-09-26,416546,1792.0
2025-10-03,420261,3715.0
2025-10-10,423785,3524.0
2025-10-17,422824,-961.0
2025-10-24,415966,-6858.0
2025-10-31,421168,5202.0
2025-11-07,427581,6413.0
2025-11-14,424155,-3426.0
2025-11-21,426929,2774.0
2025-11-28,427503,574.0
2025-12-05,425691,-1812.0
2025-12-12,424417,-1274.0
2025-12-19,424822,405.0
2025-12-26,422888,-1934.0
2026-01-02,419056,-3832.0
2026-01-09,422447,3391.0
2026-01-16,426049,3602.0
2026-01-23,423754,-2295.0
2026-01-30,420299,-3455.0
2026-02-06,428829,8530.0
2026-02-13,419815,-9014.0
2026-02-20,435804,15989.0
2026-02-27,439279,3475.0
2026-03-06,443103,3824.0
2026-03-13,449259,6156.0
2026-03-20,456185,6926.0
2026-03-27,461636,5451.0
2026-04-03,464717,3081.0
2026-04-10,463804,-913.0
2026-04-17,465729,1925.0
