date,close,shares_volume,dollar_volume
2024-01-11,13.289999961853027,675700,8980052.97422409
2024-01-12,12.470000267028809,172100,2146087.045955658
2024-01-16,12.286999702453613,239100,2937821.628856659
2024-01-17,12.15999984741211,63400,770943.9903259277
2024-01-18,11.59000015258789,122400,1418616.0186767578
2024-01-19,11.819999694824219,278100,3287141.9151306152
2024-01-22,11.40999984741211,363700,4149816.944503784
2024-01-23,11.119999885559082,70400,782847.9919433594
2024-01-24,11.229999542236328,122000,1370059.944152832
2024-01-25,11.3100004196167,47400,536094.0198898315
2024-01-26,11.920000076293945,145400,1733168.0110931396
2024-01-29,12.25,295400,3618650.0
2024-01-30,12.359999656677246,161300,1993667.9446220398
2024-01-31,12.0600004196167,121300,1462878.0508995056
2024-02-01,12.1899995803833,131600,1604203.9447784424
2024-02-02,12.180000305175781,270900,3299562.082672119
2024-02-05,12.020000457763672,153700,1847474.0703582764
2024-02-06,12.220000267028809,223500,2731170.0596809387
2024-02-07,12.517000198364258,294700,3688759.958457947
2024-02-08,12.907999992370605,154400,1992995.1988220215
2024-02-09,13.484000205993652,354400,4778729.67300415
2024-02-12,14.25,313100,4461675.0
2024-02-13,14.020999908447266,109800,1539505.7899475098
2024-02-14,14.680999755859375,162600,2387130.5603027344
2024-02-15,14.6899995803833,296800,4359991.875457764
2024-02-16,14.720000267028809,95800,1410176.0255813599
2024-02-20,14.760000228881836,345500,5099580.079078674
2024-02-21,14.460000038146973,239800,3467508.009147644
2024-02-22,14.75,210900,3110775.0
2024-02-23,14.479999542236328,354100,5127367.837905884
2024-02-26,15.470000267028809,451000,6976970.120429993
2024-02-27,16.18000030517578,317600,5138768.096923828
2024-02-28,17.139999389648438,866500,14851809.471130371
2024-02-29,17.579999923706055,185000,3252299.98588562
2024-03-01,17.8799991607666,194200,3472295.837020874
2024-03-04,19.229999542236328,277000,5326709.873199463
2024-03-05,17.579999923706055,895900,15749921.931648254
2024-03-06,19.040000915527344,349300,6650672.319793701
2024-03-07,19.219999313354492,410000,7880199.718475342
2024-03-08,19.65999984741211,853900,16787673.8697052
2024-03-11,20.469999313354492,530100,10851146.636009216
2024-03-12,20.270000457763672,1044800,21178096.478271484
2024-03-13,20.860000610351562,1186700,24754562.7243042
2024-03-14,19.670000076293945,2462900,48445243.18790436
2024-03-15,19.59000015258789,605900,11869581.092453003
2024-03-18,18.979999542236328,1111000,21086779.49142456
2024-03-19,18.260000228881836,876700,16008542.200660706
2024-03-20,18.690000534057617,1115600,20850564.595794678
2024-03-21,18.510000228881836,1597800,29575278.365707397
2024-03-22,18.139999389648438,2831700,51367036.27166748
2024-03-25,20.170000076293945,890900,17969453.067970276
2024-03-26,19.719999313354492,1749200,34494222.79891968
2024-03-27,19.479999542236328,790600,15400887.638092041
2024-03-28,20.1299991607666,560300,11278838.529777527
2024-04-01,19.790000915527344,561800,11118022.514343262
2024-04-02,18.709999084472656,781800,14627477.284240723
2024-04-03,18.68000030517578,311500,5818820.095062256
2024-04-04,19.450000762939453,648800,12619160.494995117
2024-04-05,19.1200008392334,379300,7252216.318321228
2024-04-08,20.360000610351562,306500,6240340.187072754
2024-04-09,19.559999465942383,591100,11561915.684318542
2024-04-10,19.8799991607666,325500,6470939.726829529
2024-04-11,19.989999771118164,253600,5069463.941955566
2024-04-12,18.969999313354492,942300,17875430.352973938
2024-04-15,17.959999084472656,503400,9041063.539123535
2024-04-16,17.799999237060547,402500,7164499.69291687
2024-04-17,17.299999237060547,951700,16464409.273910522
2024-04-18,18.010000228881836,439100,7908191.100502014
2024-04-19,18.260000228881836,432300,7893798.098945618
2024-04-22,18.8700008392334,349900,6602613.293647766
2024-04-23,18.8700008392334,287900,5432673.241615295
2024-04-24,18.1299991607666,1163300,21090628.023719788
2024-04-25,18.34000015258789,634400,11634896.096801758
2024-04-26,18.06999969482422,579400,10469757.823181152
2024-04-29,17.84000015258789,235200,4195968.035888672
2024-04-30,16.729999542236328,656000,10974879.699707031
2024-05-01,16.1299991607666,658400,10619991.44744873
2024-05-02,16.84000015258789,2800200,47155368.42727661
2024-05-03,17.6299991607666,571200,10070255.520629883
2024-05-06,17.90999984741211,292400,5236883.955383301
2024-05-07,17.889999389648438,432500,7737424.736022949
2024-05-08,17.6200008392334,285000,5021700.239181519
2024-05-09,17.709999084472656,473800,8390997.566223145
2024-05-10,17.209999084472656,1271300,21879071.836090088
2024-05-13,17.90999984741211,361700,6478046.94480896
2024-05-14,17.459999084472656,126300,2205197.8843688965
2024-05-15,18.729999542236328,975800,18276733.55331421
2024-05-16,18.479999542236328,364300,6732263.833236694
2024-05-17,19.010000228881836,173400,3296334.0396881104
2024-05-20,19.8799991607666,286600,5697607.759475708
2024-05-21,19.649999618530273,125500,2466074.9521255493
2024-05-22,19.760000228881836,133700,2641912.0306015015
2024-05-23,19.040000915527344,196000,3731840.1794433594
2024-05-24,19.610000610351562,149700,2935617.091369629
2024-05-28,19.389999389648438,209000,4052509.8724365234
2024-05-29,19.059999465942383,38000,724279.9797058105
2024-05-30,19.469999313354492,144600,2815361.9007110596
2024-05-31,19.170000076293945,117200,2246724.0089416504
2024-06-03,19.6200008392334,178300,3498246.149635315
2024-06-04,19.969999313354492,198900,3972032.8634262085
2024-06-05,20.200000762939453,129500,2615900.098800659
2024-06-06,19.989999771118164,46000,919539.9894714355
2024-06-07,19.6299991607666,167600,3289987.8593444824
2024-06-10,19.690000534057617,76200,1500378.0406951904
2024-06-11,19.110000610351562,139900,2673489.0853881836
2024-06-12,19.1299991607666,305300,5840388.743782043
2024-06-13,18.860000610351562,154200,2908212.094116211
2024-06-14,18.559999465942383,163500,3034559.9126815796
2024-06-17,18.889999389648438,140800,2659711.9140625
2024-06-18,18.239999771118164,247900,4521695.943260193
2024-06-20,18.43000030517578,142400,2624432.0434570312
2024-06-21,18.200000762939453,158500,2884700.1209259033
2024-06-24,16.799999237060547,411900,6919919.685745239
2024-06-25,17.549999237060547,494700,8681984.622573853
2024-06-26,17.280000686645508,86500,1494720.0593948364
2024-06-27,17.389999389648438,136300,2370256.916809082
2024-06-28,16.989999771118164,228400,3880515.9477233887
2024-07-01,17.90999984741211,320000,5731199.951171875
2024-07-02,17.530000686645508,143600,2517308.098602295
2024-07-03,17.1200008392334,168900,2891568.141746521
2024-07-05,16.010000228881836,392800,6288728.089904785
2024-07-08,16.010000228881836,504200,8072242.115402222
2024-07-09,16.3799991607666,474500,7772309.601783752
2024-07-10,16.270000457763672,2401000,39064271.099090576
2024-07-11,16.270000457763672,179700,2923719.082260132
2024-07-12,16.34000015258789,274500,4485330.041885376
2024-07-15,17.979999542236328,515700,9272285.763931274
2024-07-16,18.479999542236328,225000,4157999.897003174
2024-07-17,18.299999237060547,101500,1857449.9225616455
2024-07-18,18.010000228881836,96700,1741567.0221328735
2024-07-19,19.040000915527344,513800,9782752.47039795
2024-07-22,19.34000015258789,201000,3887340.030670166
2024-07-23,18.579999923706055,389300,7233193.970298767
2024-07-24,18.610000610351562,196600,3658726.119995117
2024-07-25,18.31999969482422,334200,6122543.898010254
2024-07-26,19.290000915527344,210200,4054758.1924438477
2024-07-29,19.06999969482422,378900,7225622.8843688965
2024-07-30,18.670000076293945,93900,1753113.0071640015
2024-07-31,18.479999542236328,122100,2256407.9441070557
2024-08-01,17.940000534057617,341500,6126510.182380676
2024-08-02,17.719999313354492,337400,5978727.768325806
2024-08-05,15.149999618530273,855300,12957794.673728943
2024-08-06,16.06999969482422,141300,2270690.956878662
2024-08-07,15.510000228881836,120500,1868955.0275802612
2024-08-08,16.84000015258789,424500,7148580.06477356
2024-08-09,17.190000534057617,116800,2007792.0623779297
2024-08-12,16.729999542236328,122300,2046078.944015503
2024-08-13,17.239999771118164,127900,2204995.970726013
2024-08-14,16.68000030517578,182400,3042432.0556640625
2024-08-15,16.15999984741211,342400,5533183.947753906
2024-08-16,16.90999984741211,406600,6875605.937957764
2024-08-19,16.719999313354492,95900,1603447.9341506958
2024-08-20,16.860000610351562,203100,3424266.1239624023
2024-08-21,17.450000762939453,250100,4364245.190811157
2024-08-22,17.09000015258789,175800,3004422.026824951
2024-08-23,18.040000915527344,628100,11330924.575042725
2024-08-26,17.950000762939453,111000,1992450.0846862793
2024-08-27,17.600000381469727,141400,2488640.0539398193
2024-08-28,16.68000030517578,450200,7509336.137390137
2024-08-29,16.760000228881836,202500,3393900.046348572
2024-08-30,16.610000610351562,329300,5469673.2009887695
2024-09-03,16.43000030517578,369400,6069242.112731934
2024-09-04,16.440000534057617,205000,3370200.1094818115
2024-09-05,15.869999885559082,363200,5763983.958435059
2024-09-06,15.149999618530273,507700,7691654.80632782
2024-09-09,16.200000762939453,463500,7508700.3536224365
2024-09-10,16.40999984741211,146600,2405705.9776306152
2024-09-11,16.329999923706055,179800,2936133.9862823486
2024-09-12,16.540000915527344,175400,2901116.160583496
2024-09-13,16.93000030517578,349400,5915342.106628418
2024-09-16,16.420000076293945,104300,1712606.0079574585
2024-09-17,16.979999542236328,416100,7065377.809524536
2024-09-18,17.0,161100,2738700.0
2024-09-19,17.920000076293945,140900,2524928.010749817
2024-09-20,17.799999237060547,121800,2168039.9070739746
2024-09-23,17.920000076293945,106900,1915648.0081558228
2024-09-24,18.209999084472656,62900,1145408.94241333
2024-09-25,17.899999618530273,37100,664089.9858474731
2024-09-26,18.329999923706055,521300,9555428.960227966
2024-09-27,18.59000015258789,446600,8302294.068145752
2024-09-30,17.979999542236328,225000,4045499.897003174
2024-10-01,17.479999542236328,347400,6072551.8409729
2024-10-02,17.040000915527344,143700,2448648.1315612793
2024-10-03,17.280000686645508,114800,1983744.0788269043
2024-10-04,17.670000076293945,105300,1860651.0080337524
2024-10-07,17.950000762939453,154600,2775070.1179504395
2024-10-08,17.6299991607666,88300,1556728.925895691
2024-10-09,17.270000457763672,56800,980936.0260009766
2024-10-10,16.899999618530273,195000,3295499.9256134033
2024-10-11,17.8799991607666,444800,7953023.626708984
2024-10-14,18.68000030517578,130100,2430268.039703369
2024-10-15,18.979999542236328,347200,6589855.841064453
2024-10-16,19.18000030517578,65400,1254372.019958496
2024-10-17,18.940000534057617,78700,1490578.0420303345
2024-10-18,19.43000030517578,187500,3643125.057220459
2024-10-21,19.200000762939453,128000,2457600.09765625
2024-10-22,19.09000015258789,173600,3314024.026489258
2024-10-23,18.809999465942383,220800,4153247.882080078
2024-10-24,19.329999923706055,70200,1356965.994644165
2024-10-25,18.90999984741211,307200,5809151.953125
2024-10-28,19.719999313354492,151400,2985607.89604187
2024-10-29,20.530000686645508,295800,6072774.203109741
2024-10-30,20.34000015258789,260400,5296536.039733887
2024-10-31,19.790000915527344,324700,6425813.2972717285
2024-11-01,19.59000015258789,252600,4948434.038543701
2024-11-04,19.040000915527344,274900,5234096.251678467
2024-11-05,19.639999389648438,279100,5481523.829650879
2024-11-06,21.56999969482422,349200,7532243.893432617
2024-11-07,21.670000076293945,301700,6537839.023017883
2024-11-08,21.729999542236328,145300,3157368.9334869385
2024-11-11,24.639999389648438,408400,10062975.750732422
2024-11-12,25.3799991607666,462300,11733173.6120224
2024-11-13,25.389999389648438,494000,12542659.698486328
2024-11-14,24.770000457763672,298900,7403753.1368255615
2024-11-15,25.920000076293945,109600,2840832.0083618164
2024-11-18,25.920000076293945,172300,4466016.013145447
2024-11-19,26.209999084472656,222300,5826482.7964782715
2024-11-20,26.709999084472656,240500,6423754.779815674
2024-11-21,27.799999237060547,230600,6410679.824066162
2024-11-22,28.079999923706055,212700,5972615.983772278
2024-11-25,26.850000381469727,359000,9639150.136947632
2024-11-26,25.729999542236328,280400,7214691.871643066
2024-11-27,27.3700008392334,295200,8079624.247741699
2024-11-29,27.479999542236328,244900,6729851.887893677
2024-12-02,27.09000015258789,323500,8763615.049362183
2024-12-03,27.09000015258789,87900,2381211.0134124756
2024-12-04,28.040000915527344,196400,5507056.17980957
2024-12-05,28.030000686645508,554400,15539832.38067627
2024-12-06,28.739999771118164,107900,3101045.97530365
2024-12-09,27.209999084472656,303400,8255513.722229004
2024-12-10,27.309999465942383,384500,10500694.794654846
2024-12-11,28.700000762939453,470700,13509090.3591156
2024-12-12,28.309999465942383,473500,13404784.747123718
2024-12-13,28.790000915527344,249800,7191742.2286987305
2024-12-16,29.93000030517578,315700,9448901.096343994
2024-12-17,30.219999313354492,498600,15067691.65763855
2024-12-18,28.459999084472656,915300,26049437.162017822
2024-12-19,27.239999771118164,364400,9926255.916595459
2024-12-20,27.239999771118164,210800,5742191.951751709
2024-12-23,26.309999465942383,193300,5085722.896766663
2024-12-24,27.979999542236328,161500,4518769.926071167
2024-12-26,27.020000457763672,164500,4444790.075302124
2024-12-27,26.729999542236328,155800,4164533.92868042
2024-12-30,26.65999984741211,173600,4628175.973510742
2024-12-31,26.450000762939453,183200,4845640.139770508
2025-01-02,27.549999237060547,328200,9041909.749603271
2025-01-03,27.84000015258789,272600,7589184.041595459
2025-01-06,28.950000762939453,454900,13169355.347061157
2025-01-07,27.260000228881836,776400,21164664.177703857
2025-01-08,26.56999969482422,288800,7673415.911865234
2025-01-10,26.780000686645508,257300,6890494.176673889
2025-01-13,26.489999771118164,266100,7048988.939094543
2025-01-14,27.299999237060547,136300,3720989.8960113525
2025-01-15,28.190000534057617,120400,3394076.064300537
2025-01-16,28.40999984741211,196700,5588246.969985962
2025-01-17,29.65999984741211,309200,9170871.952819824
2025-01-21,30.059999465942383,597700,17966861.680793762
2025-01-22,29.530000686645508,274600,8108938.188552856
2025-01-23,29.239999771118164,1427600,41743023.67324829
2025-01-24,29.690000534057617,377700,11213913.201713562
2025-01-27,28.68000030517578,342300,9817164.10446167
2025-01-28,28.6299991607666,340700,9754240.714073181
2025-01-29,29.510000228881836,285700,8431007.06539154
2025-01-30,29.709999084472656,132400,3933603.8787841797
2025-01-31,28.739999771118164,303200,8713967.930603027
2025-02-03,28.649999618530273,1077900,30881834.58881378
2025-02-04,27.940000534057617,568700,15889478.303718567
2025-02-05,27.540000915527344,268200,7386228.245544434
2025-02-06,27.43000030517578,359500,9861085.109710693
2025-02-07,27.100000381469727,221100,5991810.084342957
2025-02-10,27.540000915527344,1153700,31772899.056243896
2025-02-11,26.93000030517578,186200,5014366.0568237305
2025-02-12,27.440000534057617,1164800,31962112.622070312
2025-02-13,27.229999542236328,135900,3700556.937789917
2025-02-14,27.530000686645508,270400,7444112.185668945
2025-02-18,26.6200008392334,471200,12543344.395446777
2025-02-19,27.190000534057617,74400,2022936.0397338867
2025-02-20,27.8700008392334,149600,4169352.1255493164
2025-02-21,26.81999969482422,935200,25082063.71459961
2025-02-24,26.59000015258789,138800,3690692.021179199
2025-02-25,24.899999618530273,3711900,92426308.58402252
2025-02-26,23.850000381469727,357400,8523990.13633728
2025-02-27,23.579999923706055,1344300,31698593.89743805
2025-02-28,23.809999465942383,138300,3292922.9261398315
2025-03-03,24.34000015258789,278400,6776256.042480469
2025-03-04,24.559999465942383,1219600,29953375.34866333
2025-03-05,25.610000610351562,1183000,30296630.7220459
2025-03-06,25.190000534057617,165100,4158869.0881729126
2025-03-07,24.579999923706055,425900,10468621.967506409
2025-03-10,22.34000015258789,421700,9420778.064346313
2025-03-11,23.479999542236328,2426000,56962478.88946533
2025-03-12,23.440000534057617,283000,6633520.151138306
2025-03-13,22.65999984741211,305900,6931693.953323364
2025-03-14,23.93000030517578,366900,8779917.111968994
2025-03-17,23.90999984741211,250600,5991845.961761475
2025-03-18,23.270000457763672,438000,10192260.200500488
2025-03-19,24.170000076293945,462200,11171374.035263062
2025-03-20,23.809999465942383,250900,5973928.866004944
2025-03-21,23.739999771118164,90500,2148469.979286194
2025-03-24,24.959999084472656,73600,1837055.9326171875
2025-03-25,24.940000534057617,282700,7050538.150978088
2025-03-26,24.469999313354492,476300,11655060.672950745
2025-03-27,24.610000610351562,263900,6494579.161071777
2025-03-28,23.68000030517578,438100,10374208.13369751
2025-03-31,23.299999237060547,321500,7490949.754714966
2025-04-01,24.040000915527344,441200,10606448.403930664
2025-04-02,24.56999969482422,195000,4791149.940490723
2025-04-03,23.170000076293945,506800,11742556.038665771
2025-04-04,23.75,565400,13428250.0
2025-04-07,22.059999465942383,563400,12428603.699111938
2025-04-08,21.719999313354492,108700,2360963.9253616333
2025-04-09,23.270000457763672,212200,4937894.097137451
2025-04-10,22.510000228881836,169700,3819947.0388412476
2025-04-11,23.700000762939453,143700,3405690.1096343994
2025-04-14,24.020000457763672,111100,2668622.050857544
2025-04-15,23.770000457763672,113200,2690764.0518188477
2025-04-16,23.860000610351562,104900,2502914.064025879
2025-04-17,24.030000686645508,61300,1473039.0420913696
2025-04-21,24.75,273000,6756750.0
2025-04-22,25.90999984741211,839000,21738489.87197876
2025-04-23,26.479999542236328,251000,6646479.885101318
2025-04-24,26.489999771118164,59600,1578803.9863586426
2025-04-25,26.989999771118164,283900,7662460.935020447
2025-04-28,26.809999465942383,134600,3608625.9281158447
2025-04-29,26.969999313354492,67900,1831262.95337677
2025-04-30,26.6200008392334,215400,5733948.180770874
2025-05-01,27.309999465942383,302800,8269467.8382873535
2025-05-02,27.420000076293945,177800,4875276.0135650635
2025-05-05,26.68000030517578,183900,4906452.056121826
2025-05-06,26.850000381469727,75700,2032545.0288772583
2025-05-07,27.190000534057617,78700,2139853.0420303345
2025-05-08,28.65999984741211,170100,4875065.9740448
2025-05-09,29.200000762939453,75100,2192920.057296753
2025-05-12,28.799999237060547,143000,4118399.890899658
2025-05-13,29.649999618530273,105900,3139934.959602356
2025-05-14,29.229999542236328,58100,1698262.9734039307
2025-05-15,29.18000030517578,46100,1345198.0140686035
2025-05-16,29.43000030517578,70500,2074815.0215148926
2025-05-19,29.84000015258789,98900,2951176.0150909424
2025-05-20,30.299999237060547,91900,2784569.9298858643
2025-05-21,30.739999771118164,275400,8465795.936965942
2025-05-22,31.469999313354492,108400,3411347.925567627
2025-05-23,30.770000457763672,103000,3169310.047149658
2025-05-27,31.110000610351562,60500,1882155.0369262695
2025-05-28,30.25,235000,7108750.0
2025-05-29,29.860000610351562,411000,12272460.250854492
2025-05-30,29.579999923706055,255700,7563605.980491638
2025-06-02,29.540000915527344,122100,3606834.1117858887
2025-06-03,30.06999969482422,257900,7755052.921295166
2025-06-04,29.690000534057617,116000,3444040.0619506836
2025-06-05,28.799999237060547,141800,4083839.8918151855
2025-06-06,29.479999542236328,188500,5556979.913711548
2025-06-09,30.739999771118164,44400,1364855.9898376465
2025-06-10,30.989999771118164,60100,1862498.9862442017
2025-06-11,30.780000686645508,76900,2366982.0528030396
2025-06-12,30.190000534057617,86200,2602378.0460357666
2025-06-13,29.739999771118164,76900,2287005.982398987
2025-06-16,30.739999771118164,115400,3547395.973587036
2025-06-17,29.610000610351562,75900,2247399.0463256836
2025-06-18,29.360000610351562,55200,1620672.0336914062
2025-06-20,29.190000534057617,314900,9191931.168174744
2025-06-23,29.18000030517578,146000,4260280.044555664
2025-06-24,29.8799991607666,35800,1069703.9699554443
2025-06-25,30.489999771118164,31700,966532.9927444458
2025-06-26,30.43000030517578,45300,1378479.013824463
2025-06-27,30.219999313354492,78200,2363203.9463043213
2025-06-30,30.469999313354492,142200,4332833.902359009
2025-07-01,29.790000915527344,161300,4805127.147674561
2025-07-02,31.040000915527344,362700,11258208.332061768
2025-07-03,30.90999984741211,87600,2707715.986633301
2025-07-07,30.549999237060547,111300,3400214.915084839
2025-07-08,30.770000457763672,77700,2390829.0355682373
2025-07-09,31.649999618530273,226200,7159229.913711548
2025-07-10,32.08000183105469,223200,7160256.408691406
2025-07-11,33.41999816894531,269200,8996663.507080078
2025-07-14,33.91999816894531,320100,10857791.413879395
2025-07-15,32.93000030517578,306900,10106217.093658447
2025-07-16,33.7400016784668,405200,13671448.680114746
2025-07-17,33.66999816894531,230200,7750833.578491211
2025-07-18,33.189998626708984,499200,16568447.314453125
2025-07-21,33.0,473500,15625500.0
2025-07-22,33.7400016784668,223900,7554386.375808716
2025-07-23,33.4900016784668,87800,2940422.1473693848
2025-07-24,33.68000030517578,124700,4199896.03805542
2025-07-25,33.029998779296875,249400,8237681.695556641
2025-07-28,33.38999938964844,68300,2280536.9583129883
2025-07-29,33.20000076293945,179400,5956080.136871338
2025-07-30,33.029998779296875,232400,7676171.716308594
2025-07-31,33.0,270100,8913300.0
2025-08-01,31.969999313354492,536900,17164692.631340027
2025-08-04,32.439998626708984,122000,3957679.832458496
2025-08-05,32.119998931884766,204700,6574963.7813568115
2025-08-06,32.59000015258789,84500,2753855.0128936768
2025-08-07,33.22999954223633,226000,7509979.89654541
2025-08-08,32.93000030517578,304100,10014013.092803955
2025-08-11,33.66999816894531,153700,5175078.7185668945
2025-08-12,33.83000183105469,177700,6011591.325378418
2025-08-13,34.7400016784668,174200,6051708.292388916
2025-08-14,33.349998474121094,584400,19489739.108276367
2025-08-15,33.060001373291016,105600,3491136.1450195312
2025-08-18,32.880001068115234,68400,2248992.073059082
2025-08-19,31.950000762939453,188200,6012990.143585205
2025-08-20,32.290000915527344,154000,4972660.140991211
2025-08-21,31.709999084472656,87900,2787308.9195251465
2025-08-22,32.970001220703125,189500,6247815.231323242
2025-08-25,31.309999465942383,219300,6866282.882881165
2025-08-26,31.43000030517578,447800,14074354.136657715
2025-08-27,31.700000762939453,56400,1787880.0430297852
2025-08-28,31.649999618530273,317100,10036214.87903595
2025-08-29,30.58799934387207,396200,12118965.340042114
2025-09-02,31.329999923706055,176300,5523478.986549377
2025-09-03,31.75,211400,6711950.0
2025-09-04,31.040000915527344,158800,4929152.145385742
2025-09-05,31.534000396728516,245600,7744750.497436523
2025-09-08,31.709999084472656,372600,11815145.658874512
2025-09-09,31.459999084472656,287600,9047895.736694336
2025-09-10,32.11000061035156,463900,14895829.28314209
2025-09-11,32.349998474121094,70100,2267734.8930358887
2025-09-12,33.029998779296875,315200,10411055.615234375
2025-09-15,32.59000015258789,128300,4181297.0195770264
2025-09-16,33.029998779296875,205600,6790967.7490234375
2025-09-17,32.68000030517578,309200,10104656.094360352
2025-09-18,33.220001220703125,157200,5222184.191894531
2025-09-19,32.540000915527344,404800,13172192.370605469
2025-09-22,31.670000076293945,80500,2549435.0061416626
2025-09-23,31.542999267578125,29100,917901.2786865234
2025-09-24,32.05500030517578,101100,3240760.5308532715
2025-09-25,30.899999618530273,401400,12403259.846878052
2025-09-26,30.850000381469727,409600,12636160.15625
2025-09-29,32.31999969482422,725200,23438463.778686523
2025-09-30,32.33000183105469,940700,30412832.722473145
2025-10-01,33.20500183105469,240500,7985802.940368652
2025-10-02,34.191001892089844,645400,22066872.621154785
2025-10-03,34.720001220703125,507000,17603040.618896484
2025-10-06,35.46099853515625,323500,11471633.026123047
2025-10-07,34.369998931884766,760700,26145258.18748474
2025-10-08,34.869998931884766,281200,9805443.699645996
2025-10-09,34.18000030517578,122300,4180214.037322998
2025-10-10,32.939998626708984,765100,25202392.949295044
2025-10-13,32.736000061035156,469500,15369552.028656006
2025-10-14,31.822999954223633,536700,17079404.075431824
2025-10-15,31.440000534057617,384200,12079248.205184937
2025-10-16,30.56999969482422,452800,13842095.861816406
2025-10-17,30.100000381469727,1059500,31890950.404167175
2025-10-20,31.329999923706055,607900,19045506.95362091
2025-10-21,31.610000610351562,341200,10785332.208251953
2025-10-22,30.469999313354492,923400,28135997.365951538
2025-10-23,31.1299991607666,441200,13734555.629730225
2025-10-24,31.270000457763672,287000,8974490.131378174
2025-10-27,32.4900016784668,158800,5159412.266540527
2025-10-28,32.119998931884766,370200,11890823.60458374
2025-10-29,31.239999771118164,614000,19181359.859466553
2025-10-30,30.079999923706055,397400,11953791.969680786
2025-10-31,31.020000457763672,388700,12057474.17793274
2025-11-03,30.1200008392334,404900,12195588.339805603
2025-11-04,28.440000534057617,1015700,28886508.54244232
2025-11-05,29.329999923706055,461300,13529928.964805603
2025-11-06,28.5,533800,15213300.0
2025-11-07,29.29199981689453,492500,14426309.909820557
2025-11-10,29.950000762939453,315500,9449225.240707397
2025-11-11,29.040000915527344,277700,8064408.254241943
2025-11-12,28.68000030517578,825400,23672472.25189209
2025-11-13,27.68000030517578,738600,20444448.225402832
2025-11-14,26.60700035095215,320200,8519561.512374878
2025-11-17,25.940000534057617,714700,18539318.38169098
2025-11-18,26.190000534057617,294400,7710336.1572265625
2025-11-19,25.260000228881836,509600,12872496.116638184
2025-11-20,24.389999389648438,583000,14219369.644165039
2025-11-21,23.860000610351562,772800,18439008.471679688
2025-11-24,25.15999984741211,215400,5419463.967132568
2025-11-25,24.670000076293945,378000,9325260.028839111
2025-11-26,25.389999389648438,279400,7093965.829467773
2025-11-28,25.6200008392334,205700,5270034.17263031
2025-12-01,24.15999984741211,186700,4510671.971511841
2025-12-02,25.729999542236328,291100,7490002.866744995
2025-12-03,26.270000457763672,157500,4137525.0720977783
2025-12-04,26.1299991607666,128100,3347252.8924942017
2025-12-05,25.229999542236328,336700,8494940.845870972
2025-12-08,25.649999618530273,145900,3742334.944343567
2025-12-09,26.31999969482422,391800,10312175.880432129
2025-12-10,26.1299991607666,148800,3888143.8751220703
2025-12-11,25.940000534057617,183000,4747020.097732544
2025-12-12,25.486000061035156,213700,5446358.213043213
2025-12-15,24.209999084472656,510900,12368888.53225708
2025-12-16,24.719999313354492,234600,5799311.838912964
2025-12-17,24.25,492800,11950400.0
2025-12-18,23.8799991607666,314100,7500707.73639679
2025-12-19,24.82699966430664,305400,7582165.697479248
2025-12-22,24.940000534057617,188000,4688720.100402832
2025-12-23,24.739999771118164,198300,4905941.954612732
2025-12-24,24.6200008392334,81100,1996682.0680618286
2025-12-26,24.700000762939453,508200,12552540.38772583
2025-12-29,24.56999969482422,344000,8452079.895019531
2025-12-30,24.799999237060547,784800,19463039.401245117
2025-12-31,24.729999542236328,1108500,27413204.49256897
2026-01-02,25.360000610351562,1218000,30888480.743408203
2026-01-05,26.6200008392334,783400,20854108.657455444
2026-01-06,26.110000610351562,680600,17770466.415405273
2026-01-07,25.670000076293945,301900,7749773.023033142
2026-01-08,25.6299991607666,285500,7317364.760398865
2026-01-09,25.459999084472656,358100,9117225.672149658
2026-01-12,25.81999969482422,641000,16550619.804382324
2026-01-13,26.68000030517578,615600,16424208.187866211
2026-01-14,27.600000381469727,761700,21022920.29056549
2026-01-15,26.889999389648438,264000,7098959.8388671875
2026-01-16,26.989999771118164,1960100,52903098.55136871
2026-01-20,25.290000915527344,693300,17533557.634735107
2026-01-21,25.43000030517578,673900,17137277.20565796
2026-01-22,25.219999313354492,427400,10779027.70652771
2026-01-23,25.25,258300,6522075.0
2026-01-26,24.719999313354492,224500,5549639.8458480835
2026-01-27,25.200000762939453,220600,5559120.168304443
2026-01-28,25.1299991607666,103900,2611006.91280365
2026-01-29,23.719999313354492,404900,9604227.721977234
2026-01-30,23.639999389648438,548000,12954719.665527344
2026-02-02,22.020000457763672,1359100,29927382.622146606
2026-02-03,21.56999969482422,920700,19859498.71902466
2026-02-04,20.690000534057617,409600,8474624.21875
2026-02-05,17.959999084472656,1115500,20034378.978729248
2026-02-06,19.760000228881836,338200,6682832.077407837
2026-02-09,19.969999313354492,296300,5917110.796546936
2026-02-10,19.40999984741211,330000,6405299.949645996
2026-02-11,19.049999237060547,393800,7501889.699554443
2026-02-12,18.440000534057617,479600,8843824.256134033
2026-02-13,19.40999984741211,547800,10632797.916412354
2026-02-17,19.110000610351562,559100,10684401.341247559
2026-02-18,18.690000534057617,186800,3491292.099761963
2026-02-19,18.940000534057617,136300,2581522.072792053
2026-02-20,19.100000381469727,297200,5676520.113372803
2026-02-23,18.18000030517578,240500,4372290.073394775
2026-02-24,18.200000762939453,195900,3565380.149459839
2026-02-25,19.530000686645508,228400,4460652.156829834
2026-02-26,19.049999237060547,746700,14224634.43031311
2026-02-27,18.530000686645508,146300,2710939.100456238
2026-03-02,19.520000457763672,383200,7480064.175415039
2026-03-03,19.246000289916992,458700,8828140.332984924
2026-03-04,20.639999389648438,436300,9005231.733703613
2026-03-05,20.110000610351562,445900,8967049.272155762
2026-03-06,19.219999313354492,189200,3636423.87008667
2026-03-09,19.479999542236328,325600,6342687.850952148
2026-03-10,19.780000686645508,429900,8503422.295188904
2026-03-11,19.950000762939453,336300,6709185.256576538
2026-03-12,19.889999389648438,284000,5648759.826660156
2026-03-13,20.086000442504883,371500,7461949.164390564
2026-03-16,20.8799991607666,169100,3530807.8580856323
2026-03-17,21.040000915527344,163000,3429520.149230957
2026-03-18,20.049999237060547,129200,2590459.9014282227
2026-03-19,19.829999923706055,97800,1939373.9925384521
2026-03-20,19.799999237060547,153700,3043259.882736206
2026-03-23,19.940000534057617,129300,2578242.06905365
2026-03-24,19.559999465942383,102500,2004899.9452590942
2026-03-25,20.0,90100,1802000.0
2026-03-26,19.329999923706055,312700,6044490.976142883
2026-03-27,18.6200008392334,206800,3850616.173553467
2026-03-30,18.760000228881836,288800,5417888.066101074
2026-03-31,19.1299991607666,445300,8518588.626289368
2026-04-01,19.239999771118164,246400,4740735.943603516
2026-04-02,18.90999984741211,289500,5474444.955825806
2026-04-06,19.68000030517578,226500,4457520.069122314
2026-04-07,19.469999313354492,164300,3198920.887184143
2026-04-08,20.139999389648438,249900,5032985.8474731445
2026-04-09,20.350000381469727,126200,2568170.0481414795
2026-04-10,20.674999237060547,134800,2786989.8971557617
2026-04-13,20.709999084472656,177300,3671882.837677002
2026-04-14,20.969999313354492,197300,4137380.8645248413
2026-04-15,21.170000076293945,175300,3711101.0133743286
2026-04-16,21.270000457763672,130800,2782116.0598754883
2026-04-17,21.8700008392334,772000,16883640.647888184
2026-04-20,21.540000915527344,107700,2319858.098602295
2026-04-21,21.149999618530273,61800,1307069.976425171
2026-04-22,22.26799964904785,105000,2338139.9631500244
2026-04-23,21.920000076293945,180300,3952176.0137557983
2026-04-24,21.899999618530273,106300,2327969.959449768
