accessionNumber,filingDate,reportDate,acceptanceDateTime,act,form,fileNumber,filmNumber,items,core_type,size,isXBRL,isInlineXBRL,isXBRLNumeric,primaryDocument,primaryDocDescription,likely_btc
0000928385-99-001949,1999-06-02,1999-05-27,1999-06-02T04:00:00.000Z,,8-K,000-24435,99638859,"5,7",8-K,12795,0,0,,,FORM 8-K,False
0000950109-00-000093,2000-01-07,1999-12-23,2000-01-07T05:00:00.000Z,,8-K,000-24435,503630,"5,7",8-K,17164,0,0,,,FORM 8-K,False
0000928385-00-000821,2000-03-23,2000-03-20,2000-03-23T05:00:00.000Z,,8-K,000-24435,576087,"5,7",8-K,17926,0,0,,,FORM 8-K,False
0000928385-00-001753,2000-06-19,2000-06-19,2000-06-19T04:00:00.000Z,,8-K,000-24435,657286,"5,7",8-K,285397,0,0,,0001.txt,FORM 8-K,False
0000928385-00-002084,2000-08-03,2000-07-26,2000-08-03T04:00:00.000Z,,8-K,000-24435,685029,5,8-K,39254,0,0,,0001.txt,FORM 8-K,False
0001050446-00-000022,2000-11-06,2000-10-18,2000-11-06T05:00:00.000Z,,8-K,000-24435,753855,1,8-K,469397,0,0,,0001.txt,FORM 8-K,False
0000928385-01-000306,2001-02-07,2001-02-06,2001-02-07T05:00:00.000Z,,8-K,000-24435,1526592,5,8-K,24423,0,0,,0001.txt,FORM 8-K,False
0000928385-01-000477,2001-02-15,2001-02-13,2001-02-15T05:00:00.000Z,,8-K,000-24435,1546653,5,8-K,528148,0,0,,0001.txt,FORM 8-K,False
0000928385-01-000742,2001-03-09,2001-03-07,2001-03-09T05:00:00.000Z,,8-K,000-24435,1564190,5,8-K,8703,0,0,,0001.txt,FORM 8-K,False
0000928385-01-000986,2001-04-04,2001-04-03,2001-04-04T04:00:00.000Z,,8-K,000-24435,1595194,5,8-K,794094,0,0,,0001.txt,FORM 8-K,False
0000928385-01-500612,2001-05-02,2001-04-30,2001-05-02T04:00:00.000Z,,8-K,000-24435,1620375,5,8-K,17926,0,0,,d8k.txt,FORM 8-K,False
0000928385-01-501131,2001-06-18,2001-06-14,2001-06-18T04:00:00.000Z,,8-K,000-24435,1662307,5,8-K,973052,0,0,,d8k.txt,CURRENT REPORT,False
0000928385-01-501151,2001-06-20,2001-06-14,2001-06-20T04:00:00.000Z,,8-K,000-24435,1663742,5,8-K,299102,0,0,,d8k.txt,CURRENT REPORT,False
0000928385-01-501281,2001-07-06,2001-07-02,2001-07-06T04:00:00.000Z,,8-K,000-24435,1675743,5,8-K,13187,0,0,,d8k.txt,CURRENT REPORT,False
0000928385-01-501404,2001-08-07,2001-07-31,2001-08-07T04:00:00.000Z,,8-K,000-24435,1700193,5,8-K,52489,0,0,,d8k.txt,FORM 8-K,False
0000928385-01-501690,2001-09-05,2001-08-29,2001-09-05T04:00:00.000Z,,8-K,000-24435,1731575,"5,7",8-K,44424,0,0,,d8k.txt,FORM 8-K,False
0000928385-01-501932,2001-10-01,2001-09-28,2001-10-01T04:00:00.000Z,,8-K,000-24435,1749234,5,8-K,3834,0,0,,d8k.txt,CURRENT REPORT,False
0000928385-01-502085,2001-10-15,2001-10-11,2001-10-15T04:00:00.000Z,,8-K,000-24435,1758576,9,8-K,6267,0,0,,d8k.txt,CURRENT REPORT,False
0000928385-01-502232,2001-11-01,2001-10-30,2001-11-01T05:00:00.000Z,,8-K,000-24435,1772551,5,8-K,54901,0,0,,d8k.txt,FORM 8-K,False
0000928385-02-000322,2002-02-08,2002-01-31,2002-02-08T05:00:00.000Z,,8-K,000-24435,02532425,5,8-K,58190,0,0,,d8k.txt,FORM 8-K,False
0000916641-02-000648,2002-05-01,2002-04-26,2002-05-01T20:30:24.000Z,,8-K,000-24435,02630272,5,8-K,73792,0,0,,d8k.txt,CURRENT REPORT,False
0000916641-02-000989,2002-06-20,2002-06-19,2002-06-20T20:22:35.000Z,,8-K,000-24435,02683325,5,8-K,4925,0,0,,d8k.txt,CURRENT REPORT,False
0000916641-02-000996,2002-06-25,2002-06-24,2002-06-25T13:02:42.000Z,,8-K,000-24435,02685935,5,8-K,5331,0,0,,d8k.txt,FORM 8-K,False
0000931763-02-002552,2002-07-30,2002-07-30,2002-07-30T01:53:49.000Z,,8-K,000-24435,02713847,5,8-K,6043,0,0,,d8k.txt,CURRENT REPORT,False
0000916641-02-001150,2002-07-31,2002-07-25,2002-07-31T12:42:59.000Z,,8-K,000-24435,02715303,5,8-K,544958,0,0,,d8k.txt,CURRENT REPORT,False
0000916641-02-001207,2002-08-08,2002-08-06,2002-08-07T21:39:49.000Z,,8-K,000-24435,02722165,5,8-K,129946,0,0,,d8k.txt,CURRENT REPORT,False
0000916641-02-001679,2002-10-25,2002-10-24,2002-10-25T19:10:58.000Z,,8-K,000-24435,02798617,5,8-K,429039,0,0,,d8k.htm,FORM 8-K DATED 10/24/2002,False
0000916641-02-002081,2002-12-11,2002-12-10,2002-12-11T13:11:45.000Z,,8-K,000-24435,02854131,9,8-K,6714,0,0,,d8k.txt,CURRENT REPORT,False
0000916641-03-000118,2003-01-31,2003-01-30,2003-01-31T21:44:48.000Z,,8-K,000-24435,03534977,9,8-K,423167,0,0,,d8k.htm,CURRENT REPORT,False
0000928385-03-001219,2003-04-18,2003-04-16,2003-04-18T21:14:24.000Z,,8-K,000-24435,03656021,5,8-K,12469,0,0,,d8k.txt,FORM 8-K,False
0000916641-03-001213,2003-04-30,2003-04-29,2003-04-30T21:18:41.000Z,,8-K,000-24435,03674146,"7,9",8-K,272343,0,0,,d8k.htm,CURRENT REPORT,False
0001021408-03-008041,2003-05-20,2003-05-19,2003-05-19T23:54:56.000Z,,8-K,000-24435,03711302,5,8-K,235993,0,0,,d8k.htm,"FORM 8-K DATED MAY 19,2003",False
0001193125-03-012456,2003-06-24,2003-06-23,2003-06-24T21:17:04.000Z,,8-K,000-24435,03755558,5,8-K,25351,0,0,,d8k.htm,CURRENT REPORT,False
0000950168-03-002322,2003-08-01,2003-07-29,2003-08-01T00:06:47.000Z,,8-K,000-24435,03816115,"5,7",8-K,315942,0,0,,d8k.htm,FORM 8-K,False
0001193125-03-068494,2003-10-28,2003-10-28,2003-10-28T21:29:17.000Z,,8-K,000-24435,03961241,"5,7",8-K,337573,0,0,,d8k.htm,CURRENT REPORT,False
0001193125-03-093608,2003-12-12,2003-12-10,2003-12-12T21:13:47.000Z,,8-K,000-24435,031052100,"5,7",8-K,26764,0,0,,d8k.htm,FORM 8-K,False
0001193125-04-011312,2004-01-29,2004-01-29,2004-01-29T21:32:02.000Z,,8-K,000-24435,04552864,"5,7",8-K,330094,0,0,,d8k.htm,FORM 8-K,False
0001193125-04-070961,2004-04-27,2004-04-27,2004-04-27T20:33:59.000Z,,8-K,000-24435,04757351,"5,7",8-K,178411,0,0,,d8k.htm,FORM 8-K,False
0001193125-04-093673,2004-05-25,2004-05-19,2004-05-24T22:45:20.000Z,,8-K,000-24435,04828236,"5,7",8-K,237051,0,0,,d8k.htm,FORM 8-K,False
0001193125-04-125374,2004-07-27,2004-07-27,2004-07-27T20:45:38.000Z,,8-K,000-24435,04933765,"5,7",8-K,253493,0,0,,d8k.htm,FORM 8-K,False
0001193125-04-178292,2004-10-26,2004-10-25,2004-10-26T20:35:37.000Z,34,8-K,000-24435,041097051,"1.01,2.02,5.02,8.01,9.01",8-K,257510,0,0,,d8k.htm,FORM 8-K,True
0001193125-04-197592,2004-11-15,2004-11-08,2004-11-15T22:29:25.000Z,34,8-K,000-24435,041147096,"3.01,5.02",8-K,15606,0,0,,d8k.htm,FORM 8-K,False
0001193125-04-198389,2004-11-16,2004-11-09,2004-11-16T21:19:50.000Z,34,8-K,000-24435,041149738,3.01,8-K,14257,0,0,,d8k.htm,FORM 8-K,False
0001193125-04-213852,2004-12-15,2004-12-09,2004-12-15T22:11:51.000Z,34,8-K,000-24435,041205567,"5.02,9.01",8-K,28865,0,0,,d8k.htm,FORM 8-K,False
0001193125-05-013288,2005-01-27,2005-01-26,2005-01-27T22:28:32.000Z,34,8-K,000-24435,05554860,"1.01,2.02,8.01,9.01",8-K,284274,0,0,,d8k.htm,MICROSTRATEGY INCORPORATED,True
0001193125-05-037577,2005-02-25,2005-02-21,2005-02-26T00:14:21.000Z,34,8-K,000-24435,05642936,"1.01,9.01",8-K,379760,0,0,,d8k.htm,FORM 8-K,False
0001193125-05-051150,2005-03-15,2005-03-09,2005-03-15T21:47:15.000Z,34,8-K,000-24435,05682207,"4.01,9.01",8-K,21906,0,0,,d8k.htm,MICROSTRATEGY INCORPORATED,False
0001193125-05-085330,2005-04-26,2005-04-20,2005-04-26T21:03:25.000Z,34,8-K,000-24435,05773816,1.01,8-K,16750,0,0,,d8k.htm,FORM 8-K,False
0001193125-05-088817,2005-04-28,2005-04-28,2005-04-28T21:22:00.000Z,34,8-K,000-24435,05781740,"4.01,9.01",8-K,16855,0,0,,d8k.htm,MICROSTRATEGY INCORPORATED,False
0001193125-05-088796,2005-04-28,2005-04-26,2005-04-28T21:16:49.000Z,34,8-K,000-24435,05781667,"2.02,8.01,9.01",8-K,142630,0,0,,d8k.htm,MICROSTRATEGY INCORPORATED,True
0001193125-05-105620,2005-05-12,2005-05-06,2005-05-12T20:43:23.000Z,34,8-K,000-24435,05824982,1.01,8-K,15818,0,0,,d8k.htm,FORM 8-K,False
0001193125-05-129264,2005-06-22,2005-06-16,2005-06-22T19:29:15.000Z,34,8-K,000-24435,05910146,5.02,8-K,14371,0,0,,d8k.htm,FORM 8-K,False
0001193125-05-143073,2005-07-15,2005-07-15,2005-07-15T19:27:27.000Z,34,8-K,000-24435,05957290,8.01,8-K,15432,0,0,,d8k.htm,FORM 8-K,True
0001193125-05-151582,2005-07-29,2005-07-28,2005-07-28T21:59:02.000Z,34,8-K,000-24435,05982283,"2.02,8.01,9.01",8-K,190292,0,0,,d8k.htm,MICROSTRATEGY INCORPORATED,True
0001193125-05-170367,2005-08-18,2005-08-12,2005-08-17T22:20:01.000Z,34,8-K,000-24435,051034340,1.01,8-K,14443,0,0,,d8k.htm,FORM 8-K,False
0001193125-05-210003,2005-10-27,2005-10-27,2005-10-27T20:30:12.000Z,34,8-K,000-24435,051160395,"2.02,8.01,9.01",8-K,170996,0,0,,d8k.htm,"MICROSTRATEGY, INC.",True
0001193125-05-243270,2005-12-15,2005-12-09,2005-12-15T19:16:11.000Z,34,8-K,000-24435,051266170,1.01,8-K,14285,0,0,,d8k.htm,FORM 8-K,False
0001193125-06-017326,2006-02-01,2006-01-26,2006-02-01T21:40:37.000Z,34,8-K,000-24435,06570144,"2.02,5.02,8.01,9.01",8-K,175634,0,0,,d8k.htm,"MICROSTRATEGY, INC.",True
0001193125-06-038904,2006-02-24,2006-02-20,2006-02-24T21:33:59.000Z,34,8-K,000-24435,06643373,"1.01,5.02",8-K,15954,0,0,,d8k.htm,FORM 8-K,False
0001193125-06-074873,2006-04-06,2006-03-31,2006-04-06T20:47:25.000Z,34,8-K,000-24435,06745563,1.01,8-K,14321,0,0,,d8k.htm,FORM 8-K,False
0001193125-06-083523,2006-04-19,2006-04-14,2006-04-19T21:09:24.000Z,34,8-K,000-24435,06767904,5.02,8-K,13197,0,0,,d8k.htm,FORM 8-K,False
0001193125-06-093080,2006-04-28,2006-04-27,2006-04-28T20:55:58.000Z,34,8-K,000-24435,06790901,"2.02,8.01,9.01",8-K,129085,0,0,,d8k.htm,MICROSTRATEGY INCORPORATED,True
0001193125-06-123602,2006-06-02,2006-05-26,2006-06-02T20:03:14.000Z,34,8-K,000-24435,06883441,1.01,8-K,13285,0,0,,d8k.htm,FORM 8-K,False
0001193125-06-151838,2006-07-24,2006-07-18,2006-07-24T21:13:15.000Z,34,8-K,000-24435,06977122,1.01,8-K,13926,0,0,,d8k.htm,FORM 8-K,False
0001193125-06-156081,2006-07-28,2006-07-27,2006-07-28T20:30:40.000Z,34,8-K,000-24435,06988404,"2.02,8.01,9.01",8-K,148443,0,0,,d8k.htm,FORM 8-K,True
0001193125-06-194928,2006-09-21,2006-09-14,2006-09-21T21:30:15.000Z,34,8-K,000-24435,061102826,"8.01,9.01",8-K,22995,0,0,,d8k.htm,FORM 8-K,True
0001193125-06-212856,2006-10-23,2006-10-17,2006-10-23T20:27:02.000Z,34,8-K,000-24435,061158087,1.01,8-K,14253,0,0,,d8k.htm,FORM 8-K,False
0001193125-06-218892,2006-10-31,2006-10-26,2006-10-31T16:23:25.000Z,34,8-K,000-24435,061174330,"2.02,8.01,9.01",8-K,144221,0,0,,d8k.htm,FORM 8-K,True
0001193125-06-223769,2006-11-03,2006-11-01,2006-11-03T21:44:01.000Z,34,8-K,000-24435,061187402,"2.02,8.01,9.01",8-K,30975,0,0,,d8k.htm,FORM 8-K,True
0001193125-07-017616,2007-02-01,2007-01-26,2007-02-01T02:57:13.000Z,34,8-K,000-24435,07569856,"1.01,2.02,8.01,9.01",8-K,12328708,0,0,,d8k.htm,FORM 8-K,True
0001193125-07-042731,2007-02-28,2007-02-22,2007-02-28T21:52:12.000Z,34,8-K,000-24435,07658626,5.02,8-K,15515,0,0,,d8k.htm,FORM 8-K,False
0001193125-07-109990,2007-05-10,2007-05-07,2007-05-10T18:45:10.000Z,34,8-K,000-24435,07836976,"2.02,8.01,9.01",8-K,126993,0,0,,d8k.htm,FORM 8-K,True
0001193125-07-124834,2007-05-29,2007-05-22,2007-05-29T20:58:44.000Z,34,8-K,000-24435,07884306,5.02,8-K,14967,0,0,,d8k.htm,FORM 8-K,False
0001193125-07-169399,2007-08-02,2007-07-27,2007-08-02T19:44:49.000Z,34,8-K,000-24435,071020366,"2.02,9.01",8-K,346560,0,0,,d8k.htm,MICROSTRATEGY INC.,False
0001193125-07-235137,2007-11-05,2007-10-30,2007-11-05T21:58:42.000Z,34,8-K,000-24435,071214712,"2.02,9.01",8-K,356439,0,0,,d8k.htm,FORM 8-K,False
0001193125-08-023115,2008-02-07,2008-02-01,2008-02-07T22:18:45.000Z,34,8-K,000-24435,08586077,"2.02,9.01",8-K,352344,0,0,,d8k.htm,FORM 8-K,False
0001193125-08-060859,2008-03-19,2008-03-13,2008-03-19T20:02:24.000Z,34,8-K,000-24435,08699410,"5.02,9.01",8-K,64223,0,0,,d8k.htm,FORM 8-K,False
0001193125-08-106035,2008-05-07,2008-05-01,2008-05-07T21:03:20.000Z,34,8-K,000-24435,08810744,"2.02,9.01",8-K,145836,0,0,,d8k.htm,FORM 8-K,False
0001193125-08-146597,2008-07-03,2008-06-27,2008-07-03T18:26:56.000Z,34,8-K,000-24435,08938169,5.02,8-K,15486,0,0,,d8k.htm,FORM 8-K,False
0001193125-08-166138,2008-08-05,2008-08-04,2008-08-05T16:36:33.000Z,34,8-K,000-24435,08990369,"2.02,9.01",8-K,332807,0,0,,d8k.htm,FORM 8-K,False
0001193125-08-221701,2008-10-31,2008-10-30,2008-10-31T20:58:29.000Z,34,8-K,000-24435,081155217,"2.02,9.01",8-K,329539,0,0,,d8k.htm,FORM 8-K,False
0001193125-08-253616,2008-12-15,2008-12-09,2008-12-15T22:01:41.000Z,34,8-K,000-24435,081250339,"5.02,9.01",8-K,44148,0,0,,d8k.htm,FORM 8-K,False
0001193125-09-017807,2009-02-04,2009-02-02,2009-02-04T00:27:52.000Z,34,8-K,000-24435,09566494,"2.02,9.01",8-K,335795,0,0,,d8k.htm,FORM 8-K,False
0001193125-09-034200,2009-02-20,2009-02-13,2009-02-20T21:50:07.000Z,34,8-K,000-24435,09625672,"1.01,2.01,9.01",8-K,23008,0,0,,d8k.htm,FORM 8-K,False
0001193125-09-057753,2009-03-18,2009-03-12,2009-03-18T20:56:50.000Z,34,8-K,000-24435,09691448,5.02,8-K,16327,0,0,,d8k.htm,FORM 8-K,False
0001193125-09-065331,2009-03-27,2009-03-24,2009-03-27T13:27:02.000Z,34,8-K,000-24435,09708201,5.02,8-K,14780,0,0,,d8k.htm,FORM 8-K,False
0001193125-09-073242,2009-04-06,2009-03-31,2009-04-06T13:29:17.000Z,34,8-K,000-24435,09733978,5.02,8-K,13550,0,0,,d8k.htm,FORM 8-K,False
0001193125-09-096355,2009-05-01,2009-04-27,2009-05-01T20:53:05.000Z,34,8-K,000-24435,09790140,"5.02,9.01",8-K,52980,0,0,,d8k.htm,FORM 8-K,False
0001193125-09-108600,2009-05-12,2009-05-06,2009-05-12T20:43:42.000Z,34,8-K,000-24435,09819336,"2.02,9.01",8-K,233055,0,0,,d8k.htm,FORM 8-K,False
0001193125-09-150198,2009-07-16,2009-07-10,2009-07-16T21:04:07.000Z,34,8-K,000-24435,09948652,"5.02,9.01",8-K,120062,0,0,,d8k.htm,FORM 8-K,False
0001193125-09-162436,2009-08-04,2009-07-30,2009-08-03T22:26:09.000Z,34,8-K,000-24435,09981302,"2.02,9.01",8-K,366661,0,0,,d8k.htm,FORM 8-K,False
0001193125-09-189425,2009-09-09,2009-09-02,2009-09-09T21:04:40.000Z,34,8-K,000-24435,091061042,"5.02,9.01",8-K,184823,0,0,,d8k.htm,FORM 8-K,False
0001193125-09-193795,2009-09-18,2009-09-17,2009-09-17T23:52:17.000Z,34,8-K,000-24435,091075473,5.02,8-K,15437,0,0,,d8k.htm,FORM 8-K,False
0001193125-09-223926,2009-11-04,2009-10-29,2009-11-04T22:00:30.000Z,34,8-K,000-24435,091158428,"2.02,9.01",8-K,380439,0,0,,d8k.htm,FORM 8-K,False
0001193125-10-024656,2010-02-09,2010-02-03,2010-02-08T23:41:36.000Z,34,8-K,000-24435,10582050,"2.02,9.01",8-K,368657,0,0,,d8k.htm,FORM 8-K,False
0001193125-10-037658,2010-02-23,2010-02-17,2010-02-23T21:43:41.000Z,34,8-K,000-24435,10626477,5.02,8-K,18329,0,0,,d8k.htm,FORM 8-K,False
0001193125-10-060603,2010-03-18,2010-03-12,2010-03-18T20:16:34.000Z,34,8-K,000-24435,10691756,5.02,8-K,17109,0,0,,d8k.htm,FORM 8-K,False
0001193125-10-070016,2010-03-29,2010-03-23,2010-03-29T20:23:16.000Z,34,8-K,000-24435,10710949,"5.02,9.01",8-K,54287,0,0,,d8k.htm,FORM 8-K,False
0001193125-10-076809,2010-04-05,2010-03-30,2010-04-05T21:16:03.000Z,34,8-K,000-24435,10731980,"5.02,9.01",8-K,103597,0,0,,d8k.htm,FORM 8-K,False
0001193125-10-108921,2010-05-05,2010-04-29,2010-05-05T20:30:37.000Z,34,8-K,000-24435,10802248,"2.02,9.01",8-K,248298,0,0,,d8k.htm,FORM 8-K,False
0001193125-10-123360,2010-05-18,2010-05-12,2010-05-18T20:26:21.000Z,34,8-K,000-24435,10842840,5.07,8-K,26467,0,0,,d8k.htm,FORM 8-K,False
0001193125-10-161881,2010-07-20,2010-07-14,2010-07-20T21:20:43.000Z,34,8-K,000-24435,10961096,5.02,8-K,17756,0,0,,d8k.htm,FORM 8-K,False
0001193125-10-177298,2010-08-04,2010-08-02,2010-08-04T20:38:40.000Z,34,8-K,000-24435,10991519,"2.02,9.01",8-K,382519,0,0,,d8k.htm,FORM 8-K,False
0001193125-10-250131,2010-11-05,2010-11-01,2010-11-05T20:23:11.000Z,34,8-K,000-24435,101169060,"2.02,9.01",8-K,392724,0,0,,d8k.htm,FORM 8-K,False
0001193125-11-000170,2011-01-03,2010-12-30,2011-01-03T14:16:25.000Z,34,8-K,000-24435,11500367,5.02,8-K,14952,0,0,,d8k.htm,FORM 8-K,False
0001193125-11-015984,2011-01-27,2011-01-25,2011-01-27T21:16:04.000Z,34,8-K,000-24435,11552414,"2.02,9.01",8-K,389618,0,0,,d8k.htm,FORM 8-K,False
0001193125-11-064022,2011-03-11,2011-03-07,2011-03-11T21:20:34.000Z,34,8-K,000-24435,11682414,5.02,8-K,16570,0,0,,d8k.htm,FORM 8-K,False
0001193125-11-078146,2011-03-25,2011-03-21,2011-03-25T20:26:38.000Z,34,8-K,000-24435,11712779,5.02,8-K,16742,0,0,,d8k.htm,FORM 8-K,False
0001193125-11-134228,2011-05-10,2011-05-04,2011-05-10T20:17:45.000Z,34,8-K,000-24435,11828421,"2.02,9.01",8-K,221669,0,0,,d8k.htm,FORM 8-K,False
0001193125-11-139578,2011-05-13,2011-05-09,2011-05-13T20:17:15.000Z,34,8-K,000-24435,11841256,5.07,8-K,43751,0,0,,d8k.htm,FORM 8-K,False
0001193125-11-198772,2011-07-27,2011-07-26,2011-07-27T19:00:52.000Z,34,8-K,000-24435,11989913,5.02,8-K,18182,0,0,,d8k.htm,FORM 8-K,False
0001193125-11-210600,2011-08-04,2011-08-02,2011-08-04T21:20:38.000Z,34,8-K,000-24435,111011485,"2.02,9.01",8-K,326732,0,0,,d8k.htm,FORM 8-K,False
0001193125-11-291018,2011-11-02,2011-10-31,2011-11-01T22:00:34.000Z,34,8-K,000-24435,111172436,"2.02,9.01",8-K,337798,0,0,,d249825d8k.htm,FORM 8-K,False
0001193125-12-034932,2012-02-02,2012-01-30,2012-02-02T00:35:47.000Z,34,8-K,000-24435,12563953,"2.02,9.01",8-K,663669,0,0,,d292758d8k.htm,FORM 8-K,False
0001193125-12-104650,2012-03-09,2012-03-05,2012-03-09T00:45:14.000Z,34,8-K,000-24435,12678690,5.02,8-K,16515,0,0,,d312951d8k.htm,FORM 8-K,False
0001193125-12-134440,2012-03-27,2012-03-21,2012-03-27T20:30:54.000Z,34,8-K,000-24435,12717478,"5.02,9.01",8-K,21699,0,0,,d323956d8k.htm,FORM 8-K,False
0001193125-12-162675,2012-04-13,2012-04-09,2012-04-13T20:26:00.000Z,34,8-K,000-24435,12758965,5.02,8-K,19670,0,0,,d333423d8k.htm,FORM 8-K,False
0001193125-12-217875,2012-05-08,2012-05-02,2012-05-08T18:01:39.000Z,34,8-K,000-24435,12820781,"2.02,9.01",8-K,218484,0,0,,d347301d8k.htm,FORM 8-K,False
0001193125-12-234855,2012-05-15,2012-05-09,2012-05-15T21:22:42.000Z,34,8-K,000-24435,12846178,"5.02,5.07",8-K,37071,0,0,,d353531d8k.htm,FORM 8-K,False
0001193125-12-329342,2012-08-02,2012-07-30,2012-08-01T22:31:28.000Z,34,8-K,000-24435,121001302,"2.02,9.01",8-K,328975,0,0,,d388915d8k.htm,FORM 8-K,False
0001193125-12-429476,2012-10-22,2012-10-19,2012-10-22T12:56:33.000Z,34,8-K,000-24435,121153720,5.02,8-K,25342,0,0,,d427344d8k.htm,FORM 8-K,False
0001193125-12-448558,2012-11-02,2012-10-29,2012-11-02T16:35:39.000Z,34,8-K,000-24435,121175891,"2.02,9.01",8-K,334100,0,0,,d431576d8k.htm,FORM 8-K,False
0001193125-12-474201,2012-11-16,2012-11-09,2012-11-16T22:01:39.000Z,34,8-K,000-24435,121212302,"5.02,9.01",8-K,67286,0,0,,d439098d8k.htm,FORM 8-K,False
0001193125-12-516543,2012-12-28,2012-12-26,2012-12-27T23:01:37.000Z,34,8-K,000-24435,121288272,"5.02,9.01",8-K,86933,0,0,,d458558d8k.htm,FORM 8-K,False
0001193125-13-034610,2013-02-01,2013-01-28,2013-02-01T21:12:40.000Z,34,8-K,000-24435,13566872,"2.02,9.01",8-K,332919,0,0,,d477093d8k.htm,FORM 8-K,False
0001193125-13-074228,2013-02-25,2013-02-19,2013-02-25T21:52:34.000Z,34,8-K,000-24435,13639693,5.02,8-K,15536,0,0,,d493160d8k.htm,FORM 8-K,False
0001193125-13-087661,2013-03-01,2013-02-25,2013-03-01T21:06:19.000Z,34,8-K,000-24435,13657643,"1.01,9.01",8-K,460715,0,0,,d493539d8k.htm,FORM 8-K,False
0001193125-13-110217,2013-03-15,2013-03-15,2013-03-15T21:10:59.000Z,34,8-K,000-24435,13695046,2.01,8-K,14944,0,0,,d504726d8k.htm,FORM 8-K,False
0001193125-13-127022,2013-03-26,2013-03-21,2013-03-26T21:17:38.000Z,34,8-K,000-24435,13717637,"4.01,9.01",8-K,23667,0,0,,d508968d8k.htm,FORM 8-K,False
0001193125-13-142351,2013-04-04,2013-03-30,2013-04-04T21:15:18.000Z,34,8-K,000-24435,13743771,"5.02,9.01",8-K,68052,0,0,,d516727d8k.htm,FORM 8-K,False
0001193125-13-158987,2013-04-17,2013-04-11,2013-04-17T21:20:26.000Z,34,8-K,000-24435,13767633,5.02,8-K,16967,0,0,,d522999d8k.htm,FORM 8-K,False
0001193125-13-199320,2013-05-03,2013-04-29,2013-05-03T20:46:46.000Z,34,8-K,000-24435,13813278,"2.02,9.01",8-K,167860,0,0,,d532003d8k.htm,FORM 8-K,False
0001193125-13-227982,2013-05-20,2013-05-15,2013-05-20T21:00:45.000Z,34,8-K,000-24435,13859085,5.07,8-K,31868,0,0,,d540600d8k.htm,FORM 8-K,False
0001193125-13-315316,2013-08-01,2013-07-29,2013-08-01T21:23:34.000Z,34,8-K,000-24435,131003537,"2.02,9.01",8-K,203272,0,0,,d577389d8k.htm,FORM 8-K,False
0001193125-13-361481,2013-09-09,2013-09-04,2013-09-09T20:38:04.000Z,34,8-K,000-24435,131086001,"5.02,9.01",8-K,301114,0,0,,d593608d8k.htm,FORM 8-K,False
0001193125-13-418752,2013-10-30,2013-10-28,2013-10-30T20:49:33.000Z,34,8-K,000-24435,131179882,"2.02,9.01",8-K,177477,0,0,,d620662d8k.htm,FORM 8-K,False
0001193125-13-458488,2013-12-02,2013-11-29,2013-12-02T13:15:36.000Z,34,8-K,000-24435,131250683,"5.02,9.01",8-K,27349,0,0,,d637994d8k.htm,FORM 8-K,False
0001193125-14-003039,2014-01-06,2013-12-30,2014-01-06T22:17:32.000Z,34,8-K,000-24435,14510902,5.02,8-K,13955,0,0,,d653089d8k.htm,FORM 8-K,False
0001193125-14-031030,2014-01-31,2014-01-27,2014-01-31T21:40:36.000Z,34,8-K,000-24435,14565244,"2.02,5.02,9.01",8-K,223066,0,0,,d665505d8k.htm,FORM 8-K,False
0001193125-14-089234,2014-03-07,2014-03-03,2014-03-07T21:36:37.000Z,34,8-K,000-24435,14677769,5.02,8-K,16948,0,0,,d689691d8k.htm,FORM 8-K,False
0001193125-14-138726,2014-04-10,2014-04-05,2014-04-10T20:44:33.000Z,34,8-K,000-24435,14757420,5.02,8-K,14366,0,0,,d709285d8k.htm,FORM 8-K,False
0001193125-14-157242,2014-04-24,2014-04-23,2014-04-24T20:38:32.000Z,34,8-K,000-24435,14782125,5.07,8-K,23690,0,0,,d713703d8k.htm,FORM 8-K,False
0001193125-14-161274,2014-04-28,2014-04-25,2014-04-28T12:10:35.000Z,34,8-K,000-24435,14787453,"2.02,5.02,9.01",8-K,207315,0,0,,d717141d8k.htm,8-K,False
0001193125-14-282379,2014-07-28,2014-07-28,2014-07-28T20:23:38.000Z,34,8-K,000-24435,14997083,"2.02,9.01",8-K,243371,0,0,,d764187d8k.htm,FORM 8-K,False
0001193125-14-334544,2014-09-08,2014-09-05,2014-09-08T12:26:34.000Z,34,8-K,000-24435,141089275,5.02,8-K,15124,0,0,,d784829d8k.htm,FORM 8-K,False
0001193125-14-367916,2014-10-09,2014-09-28,2014-10-09T21:04:37.000Z,34,8-K,000-24435,141150631,2.05,8-K,16245,0,0,,d799582d8k.htm,FORM 8-K,False
0001193125-14-383321,2014-10-27,2014-10-27,2014-10-27T20:29:34.000Z,34,8-K,000-24435,141174812,"2.02,9.01",8-K,247364,0,0,,d810175d8k.htm,FORM 8-K,False
0001193125-14-420822,2014-11-21,2014-11-19,2014-11-21T13:05:33.000Z,34,8-K,000-24435,141241109,5.02,8-K,14684,0,0,,d825482d8k.htm,FORM 8-K,False
0001193125-14-446102,2014-12-18,2014-12-15,2014-12-18T13:01:35.000Z,34,8-K,000-24435,141294241,5.02,8-K,14601,0,0,,d839388d8k.htm,FORM 8-K,False
0001193125-15-020436,2015-01-26,2015-01-26,2015-01-26T21:43:33.000Z,34,8-K,000-24435,15548995,"2.02,9.01",8-K,267359,0,0,,d857356d8k.htm,FORM 8-K,False
0001193125-15-028053,2015-01-30,2015-01-26,2015-01-30T22:25:34.000Z,34,8-K,000-24435,15564135,"5.03,9.01",8-K,59641,0,0,,d859827d8k.htm,FORM 8-K,False
0001193125-15-081126,2015-03-06,2015-03-02,2015-03-06T21:39:35.000Z,34,8-K,000-24435,15682203,"5.02,9.01",8-K,20850,0,0,,d885668d8k.htm,FORM 8-K,False
0001193125-15-089418,2015-03-12,2015-03-06,2015-03-12T21:04:34.000Z,34,8-K,000-24435,15696688,5.02,8-K,14404,0,0,,d891426d8k.htm,FORM 8-K,False
0001193125-15-135812,2015-04-17,2015-04-15,2015-04-17T20:20:35.000Z,34,8-K,000-24435,15778475,5.07,8-K,24345,0,0,,d908585d8k.htm,FORM 8-K,False
0001193125-15-153034,2015-04-28,2015-04-28,2015-04-28T20:34:35.000Z,34,8-K,000-24435,15799089,"2.02,9.01",8-K,196833,0,0,,d915200d8k.htm,FORM 8-K,False
0001193125-15-195247,2015-05-20,2015-05-14,2015-05-20T21:02:35.000Z,34,8-K,000-24435,15880287,5.02,8-K,13861,0,0,,d931287d8k.htm,FORM 8-K,False
0001193125-15-264123,2015-07-27,2015-07-24,2015-07-27T20:45:36.000Z,34,8-K,000-24435,151007494,"2.02,5.02,9.01",8-K,247708,0,0,,d78719d8k.htm,FORM 8-K,False
0001193125-15-341375,2015-10-09,2015-10-06,2015-10-09T20:26:33.000Z,34,8-K,000-24435,151153397,5.02,8-K,14135,0,0,,d35151d8k.htm,FORM 8-K,False
0001193125-15-353352,2015-10-26,2015-10-23,2015-10-26T20:38:54.000Z,34,8-K,000-24435,151175429,"2.02,5.02,9.01",8-K,216829,0,0,,d56280d8k.htm,FORM 8-K,False
0001193125-15-366132,2015-11-04,2015-10-29,2015-11-04T21:18:34.000Z,34,8-K,000-24435,151197140,5.02,8-K,14679,0,0,,d66816d8k.htm,FORM 8-K,False
0001193125-16-424113,2016-01-08,2016-01-08,2016-01-08T14:04:04.000Z,34,8-K,000-24435,161331558,5.02,8-K,16575,0,0,,d118148d8k.htm,FORM 8-K,False
0001193125-16-439866,2016-01-27,2016-01-26,2016-01-27T21:24:34.000Z,34,8-K,000-24435,161365313,"2.02,5.02,9.01",8-K,222362,0,0,,d59305d8k.htm,FORM 8-K,False
0001193125-16-559558,2016-04-27,2016-04-27,2016-04-27T20:18:37.000Z,34,8-K,000-24435,161595609,"2.02,9.01",8-K,194266,1,0,,d184813d8k.htm,FORM 8-K,False
0001193125-16-593222,2016-05-17,2016-05-12,2016-05-17T20:22:39.000Z,34,8-K,000-24435,161657764,5.07,8-K,22563,0,0,,d178327d8k.htm,FORM 8-K,False
0001193125-16-662258,2016-07-28,2016-07-28,2016-07-28T20:24:02.000Z,34,8-K,000-24435,161790454,"2.02,9.01",8-K,246497,0,0,,d211824d8k.htm,FORM 8-K,False
0001193125-16-749733,2016-10-27,2016-10-27,2016-10-27T20:16:02.000Z,34,8-K,000-24435,161955717,"2.02,9.01",8-K,233707,0,0,,d275097d8k.htm,8-K,False
0001193125-17-025697,2017-01-31,2017-01-29,2017-01-31T21:15:55.000Z,34,8-K,000-24435,17561311,"2.02,5.02,9.01",8-K,240044,0,0,,d327117d8k.htm,FORM 8-K,False
0001193125-17-095614,2017-03-24,2017-03-20,2017-03-24T20:16:03.000Z,34,8-K,000-24435,17712947,5.02,8-K,14406,0,0,,d358862d8k.htm,FORM 8-K,False
0001193125-17-195980,2017-06-06,2017-05-31,2017-06-06T20:17:04.000Z,34,8-K,000-24435,17894335,5.07,8-K,30261,0,0,,d362970d8k.htm,FORM 8-K,False
0001193125-18-019722,2018-01-25,2018-01-19,2018-01-25T21:11:32.000Z,34,8-K,000-24435,18548398,"2.02,5.02,9.01",8-K,262622,0,0,,d530569d8k.htm,FORM 8-K,False
0001193125-18-045655,2018-02-14,2018-02-08,2018-02-14T21:20:22.000Z,34,8-K,000-24435,18612557,"5.02,9.01",8-K,80319,0,0,,d540062d8k.htm,FORM 8-K,False
0001193125-18-082301,2018-03-14,2018-03-09,2018-03-14T20:06:04.000Z,34,8-K,000-24435,18689511,5.02,8-K,15252,0,0,,d548182d8k.htm,FORM 8-K,False
0001193125-18-106890,2018-04-04,2018-03-29,2018-04-04T12:47:02.000Z,34,8-K,000-24435,18735933,5.02,8-K,21906,0,0,,d512506d8k.htm,FORM 8-K,False
0001193125-18-184481,2018-06-05,2018-05-30,2018-06-05T20:21:05.000Z,34,8-K,000-24435,18881386,5.07,8-K,26039,0,0,,d597038d8k.htm,8-K,False
0001193125-18-207608,2018-06-28,2018-06-22,2018-06-28T20:09:25.000Z,34,8-K,000-24435,18925452,5.02,8-K,16387,0,0,,d852449d8k.htm,8-K,False
0001193125-18-214272,2018-07-09,2018-07-02,2018-07-09T12:45:34.000Z,34,8-K,000-24435,18943470,5.02,8-K,15258,0,0,,d709069d8k.htm,8-K,False
0001193125-19-020834,2019-01-29,2019-01-29,2019-01-29T21:18:05.000Z,34,8-K,000-24435,19548904,"2.02,9.01",8-K,236686,0,0,,d635078d8k.htm,8-K,False
0001193125-19-083643,2019-03-22,2019-03-18,2019-03-22T20:51:03.000Z,34,8-K,000-24435,19700444,"5.02,9.01",8-K,77636,0,0,,d695099d8k.htm,FORM 8-K,False
0001193125-19-165047,2019-06-04,2019-05-29,2019-06-04T20:12:55.000Z,34,8-K,000-24435,19876732,5.07,8-K,26105,0,0,,d620427d8k.htm,FORM 8-K,False
0001193125-19-175320,2019-06-18,2019-06-18,2019-06-18T12:30:32.000Z,34,8-K,000-24435,19902701,"8.01,9.01",8-K,63694,0,0,,d724928d8k.htm,8-K,True
0001193125-19-190145,2019-07-08,2019-07-01,2019-07-08T12:45:56.000Z,34,8-K,000-24435,19944272,5.02,8-K,18530,0,0,,d774093d8k.htm,8-K,False
0001193125-19-277996,2019-10-29,2019-10-29,2019-10-30T00:11:27.000Z,34,8-K,000-24435,191177043,"5.02,9.01",XBRL,153746,1,1,,d826279d8k.htm,8-K,False
0001193125-19-280519,2019-10-31,2019-10-29,2019-10-31T20:39:10.000Z,34,8-K,000-24435,191184125,"2.02,9.01",XBRL,217251,1,1,,d828170d8k.htm,8-K,False
0001193125-19-295687,2019-11-19,2019-11-18,2019-11-19T22:16:04.000Z,34,8-K,000-24435,191232143,5.02,XBRL,143472,1,1,,d10677d8k.htm,8-K,False
0001193125-20-016957,2020-01-28,2020-01-28,2020-01-28T21:16:40.000Z,34,8-K,000-24435,20554419,"2.02,9.01",XBRL,428842,1,1,,d878605d8k.htm,8-K,False
0001193125-20-158478,2020-06-02,2020-05-27,2020-06-02T20:13:03.000Z,34,8-K,000-24435,20937102,5.07,XBRL,168407,1,1,,d909158d8k.htm,8-K,False
0001193125-20-187416,2020-07-06,2020-07-03,2020-07-06T13:01:02.000Z,34,8-K,000-24435,201012282,5.02,XBRL,145327,1,1,,d20923d8k.htm,8-K,False
0001193125-20-215604,2020-08-11,2020-08-11,2020-08-11T11:12:54.000Z,34,8-K,000-24435,201091040,"8.01,9.01",XBRL,185095,1,1,,d921849d8k.htm,8-K,True
0001193125-20-244732,2020-09-14,2020-09-11,2020-09-14T12:05:02.000Z,34,8-K,000-24435,201172328,8.01,XBRL,141364,1,1,,d937119d8k.htm,8-K,True
0001193125-20-245835,2020-09-15,2020-09-14,2020-09-15T12:25:31.000Z,34,8-K,000-24435,201174760,8.01,XBRL,141218,1,1,,d42524d8k.htm,8-K,True
0001193125-20-310787,2020-12-04,2020-12-04,2020-12-04T22:26:54.000Z,34,8-K,000-24435,201370751,8.01,XBRL,141430,1,1,,d22733d8k.htm,8-K,True
0001193125-20-313349,2020-12-09,2020-12-07,2020-12-09T12:34:01.000Z,34,8-K,000-24435,201376887,"8.01,9.01",XBRL,179185,1,1,,d55072d8k.htm,8-K,True
0001193125-20-315971,2020-12-11,2020-12-11,2020-12-11T21:57:31.000Z,34,8-K,000-24435,201384115,"1.01,2.03,3.02,8.01,9.01",XBRL,958539,1,1,,d225117d8k.htm,8-K,True
0001193125-21-014227,2021-01-22,2021-01-22,2021-01-22T13:37:54.000Z,34,8-K,000-24435,21543800,8.01,XBRL,141056,1,1,,d113711d8k.htm,8-K,True
0001193125-21-020760,2021-01-28,2021-01-28,2021-01-28T21:06:01.000Z,34,8-K,000-24435,21564995,"2.02,9.01",XBRL,441340,1,1,,d92691d8k.htm,8-K,False
0001193125-21-025369,2021-02-02,2021-02-02,2021-02-02T13:41:00.000Z,34,8-K,000-24435,21579146,8.01,XBRL,141067,1,1,,d124926d8k.htm,8-K,True
0001193125-21-045792,2021-02-17,2021-02-16,2021-02-17T12:37:00.000Z,34,8-K,000-24435,21642657,"8.01,9.01",XBRL,178232,1,1,,d119477d8k.htm,8-K,True
0001193125-21-048555,2021-02-19,2021-02-19,2021-02-19T15:31:55.000Z,34,8-K,000-24435,21652690,"1.01,2.03,3.02,8.01,9.01",XBRL,937284,1,1,,d130600d8k.htm,8-K,True
0001193125-21-062322,2021-03-01,2021-03-01,2021-03-01T12:59:54.000Z,34,8-K,000-24435,21693855,8.01,XBRL,140735,1,1,,d103788d8k.htm,8-K,True
0001193125-21-070446,2021-03-05,2021-03-05,2021-03-05T13:01:31.000Z,34,8-K,000-24435,21716573,8.01,XBRL,141028,1,1,,d145869d8k.htm,8-K,True
0001193125-21-078715,2021-03-12,2021-03-12,2021-03-12T13:00:33.000Z,34,8-K,000-24435,21735463,8.01,XBRL,141712,1,1,,d154639d8k.htm,8-K,True
0001193125-21-105625,2021-04-05,2021-04-05,2021-04-05T12:00:31.000Z,34,8-K,000-24435,21803750,8.01,XBRL,141039,1,1,,d113059d8k.htm,8-K,True
0001193125-21-112475,2021-04-12,2021-04-11,2021-04-12T12:00:54.000Z,34,8-K,000-24435,21819424,8.01,XBRL,143023,1,1,,d148123d8k.htm,8-K,True
0001193125-21-159855,2021-05-13,2021-05-13,2021-05-13T12:00:31.000Z,34,8-K,000-24435,21917266,8.01,XBRL,141799,1,1,,d540617d8k.htm,8-K,True
0001193125-21-164617,2021-05-18,2021-05-18,2021-05-18T12:00:32.000Z,34,8-K,000-24435,21933910,8.01,XBRL,141732,1,1,,d167554d8k.htm,8-K,True
0001193125-21-179845,2021-06-02,2021-05-26,2021-06-02T20:06:39.000Z,34,8-K,000-24435,21989137,5.07,XBRL,161146,1,1,,d779294d8k.htm,8-K,False
0001193125-21-183788,2021-06-07,2021-06-07,2021-06-07T12:30:33.000Z,34,8-K,000-24435,21998332,8.01,XBRL,144808,1,1,,d47054d8k.htm,8-K,True
0001193125-21-185538,2021-06-08,2021-06-07,2021-06-08T21:21:02.000Z,34,8-K,000-24435,211003063,"8.01,9.01",XBRL,174238,1,1,,d183783d8k.htm,8-K,True
0001193125-21-189600,2021-06-14,2021-06-14,2021-06-14T13:35:02.000Z,34,8-K,000-24435,211013584,"1.01,2.03,8.01,9.01",XBRL,1677424,1,1,,d148411d8k.htm,8-K,True
0001193125-21-254529,2021-08-24,2021-08-24,2021-08-24T12:23:02.000Z,34,8-K,000-24435,211198522,8.01,XBRL,142709,1,1,,d384256d8k.htm,8-K,True
0001193125-21-270915,2021-09-13,2021-09-13,2021-09-13T12:01:04.000Z,34,8-K,000-24435,211248654,8.01,XBRL,142576,1,1,,d232429d8k.htm,8-K,True
0001193125-21-318432,2021-11-03,2021-11-01,2021-11-03T20:15:30.000Z,34,8-K,000-24435,211375551,5.02,XBRL,144294,1,1,,d244202d8k.htm,8-K,False
0001193125-21-341815,2021-11-29,2021-11-29,2021-11-29T13:00:35.000Z,34,8-K,000-24435,211452953,8.01,XBRL,143226,1,1,,d191335d8k.htm,8-K,True
0001193125-21-352140,2021-12-09,2021-12-09,2021-12-09T13:01:30.000Z,34,8-K,000-24435,211480309,8.01,XBRL,143131,1,1,,d270832d8k.htm,8-K,True
0001193125-21-369767,2021-12-30,2021-12-30,2021-12-30T13:01:54.000Z,34,8-K,000-24435,211530623,8.01,XBRL,142133,1,1,,d261142d8k.htm,8-K,True
0001193125-22-024027,2022-02-01,2022-02-01,2022-02-01T13:00:54.000Z,34,8-K,000-24435,22576921,8.01,XBRL,140989,1,1,,d275576d8k.htm,8-K,True
0001193125-22-024607,2022-02-01,2022-02-01,2022-02-01T21:16:07.000Z,34,8-K,000-24435,22579126,"2.02,9.01",XBRL,488397,1,1,,d302790d8k.htm,8-K,False
0001193125-22-087494,2022-03-29,2022-03-23,2022-03-29T12:38:03.000Z,34,8-K,000-24435,22777538,"1.01,2.03,8.01,9.01",XBRL,468435,1,1,,d312252d8k.htm,8-K,True
0001193125-22-095632,2022-04-05,2022-04-05,2022-04-05T12:00:35.000Z,34,8-K,000-24435,22805234,8.01,XBRL,140159,1,1,,d292215d8k.htm,8-K,True
0001193125-22-165191,2022-06-01,2022-05-25,2022-06-01T20:16:04.000Z,34,8-K,000-24435,22987532,5.07,XBRL,154018,1,1,,d311673d8k.htm,8-K,False
0001193125-22-184423,2022-06-29,2022-06-29,2022-06-29T12:01:58.000Z,34,8-K,000-24435,221051821,8.01,XBRL,140688,1,1,,d374401d8k.htm,8-K,True
0001193125-22-235480,2022-09-01,2022-08-31,2022-09-01T00:23:01.000Z,34,8-K,000-24435,221219301,8.01,XBRL,141592,1,1,,d318438d8k.htm,8-K,True
0001193125-22-242015,2022-09-09,2022-09-09,2022-09-09T20:35:33.000Z,34,8-K,000-24435,221236582,"1.01,9.01",XBRL,421066,1,1,,d359209d8k.htm,8-K,False
0001193125-22-247427,2022-09-20,2022-09-20,2022-09-20T12:00:54.000Z,34,8-K,000-24435,221252088,8.01,XBRL,140681,1,1,,d355455d8k.htm,8-K,True
0001193125-22-313098,2022-12-28,2022-12-28,2022-12-28T13:01:56.000Z,34,8-K,000-24435,221491651,8.01,XBRL,145674,1,1,,d398241d8k.htm,8-K,True
0001193125-23-009591,2023-01-18,2023-01-17,2023-01-17T22:33:35.000Z,34,8-K,000-24435,23532363,"7.01,9.01",XBRL,166993,1,1,,d411935d8k.htm,8-K,False
0001193125-23-022753,2023-02-02,2023-02-02,2023-02-02T21:16:03.000Z,34,8-K,000-24435,23581105,"2.02,9.01",XBRL,479510,1,1,,d455424d8k.htm,8-K,False
0001193125-23-057314,2023-03-02,2023-02-28,2023-03-02T13:01:32.000Z,34,8-K,000-24435,23696472,8.01,XBRL,142735,1,1,,d473928d8k.htm,8-K,True
0001193125-23-079839,2023-03-27,2023-03-24,2023-03-27T12:01:00.000Z,34,8-K,000-24435,23761470,"1.02,8.01",XBRL,147395,1,1,,d467124d8k.htm,8-K,True
0001193125-23-090347,2023-04-04,2023-03-30,2023-04-04T12:01:53.000Z,34,8-K,000-24435,23795136,5.02,XBRL,141062,1,1,,d471178d8k.htm,8-K,False
0001193125-23-091616,2023-04-05,2023-04-05,2023-04-05T12:07:29.000Z,34,8-K,000-24435,23801226,8.01,XBRL,141042,1,1,,d486424d8k.htm,8-K,True
0001193125-23-130703,2023-05-01,2023-05-01,2023-05-01T21:15:08.000Z,34,8-K,000-24435,23875039,"1.01,1.02,9.01",XBRL,414859,1,1,,d474855d8k.htm,8-K,False
0001193125-23-156662,2023-05-30,2023-05-24,2023-05-30T20:47:09.000Z,34,8-K,000-24435,23977231,"5.02,5.07,9.01",XBRL,315697,1,1,,d492817d8k.htm,8-K,False
0001193125-23-176793,2023-06-28,2023-06-28,2023-06-28T12:00:30.000Z,34,8-K,000-24435,231049199,8.01,XBRL,141319,1,1,,d520680d8k.htm,8-K,True
0001193125-23-183313,2023-07-07,2023-07-05,2023-07-07T12:08:58.000Z,34,8-K,000-24435,231075243,5.02,XBRL,141311,1,1,,d542722d8k.htm,8-K,False
0001193125-23-200633,2023-08-01,2023-08-01,2023-08-01T21:02:52.000Z,34,8-K,000-24435,231132646,"1.01,1.02,9.01",XBRL,468578,1,1,,d512066d8k.htm,8-K,False
0001193125-23-240932,2023-09-25,2023-09-25,2023-09-25T12:00:52.000Z,34,8-K,000-24435,231273151,8.01,XBRL,141161,1,1,,d390258d8k.htm,8-K,True
0001193125-23-285756,2023-11-30,2023-11-29,2023-11-30T13:47:28.000Z,34,8-K,000-24435,231454062,"1.01,1.02,8.01,9.01",XBRL,481269,1,1,,d618268d8k.htm,8-K,True
0001193125-23-303488,2023-12-27,2023-12-27,2023-12-27T13:00:29.000Z,34,8-K,000-24435,231514648,8.01,XBRL,141614,1,1,,d517550d8k.htm,8-K,True
0000950170-24-011709,2024-02-06,2024-02-06,2024-02-06T21:04:53.000Z,34,8-K,000-24435,24600199,"2.02,9.01",XBRL,1143617,1,1,,mstr-20240206.htm,8-K,False
0001193125-24-045396,2024-02-26,2024-02-26,2024-02-26T13:00:58.000Z,34,8-K,000-24435,24673600,8.01,XBRL,142620,1,1,,d786266d8k.htm,8-K,True
0001193125-24-060026,2024-03-06,2024-03-04,2024-03-06T13:10:53.000Z,34,8-K,000-24435,24724421,"8.01,9.01",XBRL,180530,1,1,,d781150d8k.htm,8-K,True
0001193125-24-064321,2024-03-11,2024-03-08,2024-03-11T11:39:54.000Z,34,8-K,000-24435,24736554,"1.01,2.03,3.02,8.01,9.01",XBRL,949104,1,1,,d749312d8k.htm,8-K,True
0001193125-24-064331,2024-03-11,2024-03-11,2024-03-11T11:46:52.000Z,34,8-K,000-24435,24736563,8.01,XBRL,142881,1,1,,d738431d8k.htm,8-K,True
0001193125-24-068621,2024-03-15,2024-03-13,2024-03-15T12:16:55.000Z,34,8-K,000-24435,24752560,"8.01,9.01",XBRL,180718,1,1,,d792611d8k.htm,8-K,True
0001193125-24-070801,2024-03-19,2024-03-19,2024-03-19T12:10:31.000Z,34,8-K,000-24435,24761153,8.01,XBRL,143088,1,1,,d805979d8k.htm,8-K,True
0001193125-24-070793,2024-03-19,2024-03-18,2024-03-19T12:04:31.000Z,34,8-K,000-24435,24761143,"1.01,2.03,3.02,8.01,9.01",XBRL,1032934,1,1,,d792323d8k.htm,8-K,True
0000950170-24-049829,2024-04-29,2024-04-29,2024-04-29T20:03:47.000Z,34,8-K,000-24435,24890539,"2.02,9.01",XBRL,908145,1,1,,mstr-20240429.htm,8-K,False
0001193125-24-147023,2024-05-24,2024-05-22,2024-05-24T20:05:55.000Z,34,8-K,000-24435,24984269,5.07,XBRL,155588,1,1,,d610426d8k.htm,8-K,False
0001193125-24-152373,2024-06-03,2024-05-31,2024-06-03T11:46:01.000Z,34,8-K,000-24435,241012006,8.01,XBRL,144845,1,1,,d831586d8k.htm,8-K,True
0001193125-24-161184,2024-06-14,2024-06-13,2024-06-14T12:08:02.000Z,34,8-K,000-24435,241043192,"8.01,9.01",XBRL,185267,1,1,,d792626d8k.htm,8-K,True
0001193125-24-164009,2024-06-20,2024-06-17,2024-06-20T12:06:03.000Z,34,8-K,000-24435,241054133,"1.01,2.03,3.02,8.01,9.01",XBRL,964450,1,1,,d857957d8k.htm,8-K,True
0001193125-24-164014,2024-06-20,2024-06-20,2024-06-20T12:12:30.000Z,34,8-K,000-24435,241054147,8.01,XBRL,144586,1,1,,d851818d8k.htm,8-K,True
0001193125-24-175343,2024-07-05,2024-07-05,2024-07-05T12:24:30.000Z,34,8-K,000-24435,241101698,"8.01,9.01",XBRL,172336,1,1,,d844285d8k.htm,8-K,True
0001193125-24-177515,2024-07-11,2024-07-11,2024-07-11T12:06:29.000Z,34,8-K,000-24435,241111069,"8.01,9.01",XBRL,150798,1,1,,d858108d8k.htm,8-K,True
0000950170-24-089243,2024-08-01,2024-08-01,2024-08-01T20:04:26.000Z,34,8-K,000-24435,241166496,"2.02,9.01",XBRL,1094874,1,1,,mstr-20240801.htm,8-K,False
0001193125-24-218462,2024-09-13,2024-09-13,2024-09-13T12:01:00.000Z,34,8-K,000-24435,241296479,"7.01,8.01",XBRL,180759,1,1,,d808510d8k.htm,8-K,True
0001193125-24-221085,2024-09-18,2024-09-16,2024-09-18T12:11:52.000Z,34,8-K,000-24435,241306210,"8.01,9.01",XBRL,204236,1,1,,d889953d8k.htm,8-K,True
0001193125-24-222462,2024-09-20,2024-09-19,2024-09-20T12:04:29.000Z,34,8-K,000-24435,241311714,"1.01,2.03,3.02,8.01,9.01",XBRL,960297,1,1,,d887785d8k.htm,8-K,True
0001193125-24-222498,2024-09-20,2024-09-20,2024-09-20T13:04:52.000Z,34,8-K,000-24435,241311799,"7.01,8.01",XBRL,191017,1,1,,d822569d8k.htm,8-K,True
0000950170-24-118951,2024-10-30,2024-10-30,2024-10-30T20:02:39.000Z,34,8-K,000-24435,241410216,"2.02,9.01",XBRL,1132980,1,1,,mstr-20241030.htm,8-K,False
0001193125-24-247543,2024-10-30,2024-10-30,2024-10-30T20:08:00.000Z,34,8-K,000-24435,241410334,"1.01,9.01",XBRL,458055,1,1,,d905175d8k.htm,8-K,False
0001193125-24-255184,2024-11-12,2024-11-11,2024-11-12T13:01:01.000Z,34,8-K,000-24435,241443505,"7.01,8.01,9.01",XBRL,196244,1,1,,d908568d8k.htm,8-K,True
0001193125-24-260452,2024-11-18,2024-11-18,2024-11-18T13:00:30.000Z,34,8-K,000-24435,241469785,"7.01,8.01",XBRL,184374,1,1,,d828461d8k.htm,8-K,True
0001193125-24-262151,2024-11-20,2024-11-18,2024-11-20T13:08:00.000Z,34,8-K,000-24435,241478327,"8.01,9.01",XBRL,185950,1,1,,d850321d8k.htm,8-K,True
0001193125-24-263404,2024-11-21,2024-11-21,2024-11-21T21:09:59.000Z,34,8-K,000-24435,241484451,"1.01,2.03,3.02,8.01,9.01",XBRL,989646,1,1,,d905221d8k.htm,8-K,True
0001193125-24-264733,2024-11-25,2024-11-25,2024-11-25T13:02:29.000Z,34,8-K,000-24435,241492011,"7.01,8.01",XBRL,185680,1,1,,d844494d8k.htm,8-K,True
0001193125-24-268429,2024-12-02,2024-12-02,2024-12-02T13:00:53.000Z,34,8-K,000-24435,241517449,"7.01,8.01",XBRL,185059,1,1,,d898104d8k.htm,8-K,True
0001193125-24-272923,2024-12-09,2024-12-09,2024-12-09T13:00:52.000Z,34,8-K,000-24435,241533892,"7.01,8.01",XBRL,184817,1,1,,d873652d8k.htm,8-K,True
0001193125-24-279044,2024-12-16,2024-12-16,2024-12-16T13:01:01.000Z,34,8-K,000-24435,241550168,"7.01,8.01",XBRL,185085,1,1,,d843539d8k.htm,8-K,True
0001193125-24-283170,2024-12-20,2024-12-20,2024-12-20T21:34:28.000Z,34,8-K,000-24435,241568461,5.02,XBRL,150452,1,1,,d870934d8k.htm,8-K,False
0001193125-24-283686,2024-12-23,2024-12-23,2024-12-23T13:01:28.000Z,34,8-K,000-24435,241569914,"7.01,8.01",XBRL,184947,1,1,,d892375d8k.htm,8-K,True
0001193125-24-286217,2024-12-30,2024-12-30,2024-12-30T13:00:58.000Z,34,8-K,000-24435,241586977,"7.01,8.01",XBRL,184501,1,1,,d896561d8k.htm,8-K,True
0001193125-25-001543,2025-01-03,2025-01-03,2025-01-03T21:35:59.000Z,34,8-K,000-24435,25507022,"8.01,9.01",XBRL,158488,1,1,,d882784d8k.htm,8-K,True
0001193125-25-001854,2025-01-06,2025-01-06,2025-01-06T13:00:31.000Z,34,8-K,000-24435,25509085,"2.02,7.01,8.01",XBRL,604148,1,1,,d878544d8k.htm,8-K,True
0001193125-25-005000,2025-01-13,2025-01-13,2025-01-13T13:00:16.000Z,34,8-K,000-24435,25524860,"7.01,8.01",XBRL,176480,1,1,,d884652d8k.htm,8-K,True
0001193125-25-009102,2025-01-21,2025-01-21,2025-01-21T13:00:45.000Z,34,8-K,000-24435,25540471,"7.01,8.01",XBRL,176278,1,1,,d853769d8k.htm,8-K,True
0001193125-25-011455,2025-01-23,2025-01-21,2025-01-23T21:08:22.000Z,34,8-K,000-24435,25550170,"5.02,5.03,5.07,9.01",XBRL,174948,1,1,,d934980d8k.htm,8-K,False
0001193125-25-011819,2025-01-24,2025-01-24,2025-01-24T13:11:27.000Z,34,8-K,000-24435,25551695,8.01,XBRL,146821,1,1,,d920988d8k.htm,8-K,True
0001193125-25-012671,2025-01-27,2025-01-27,2025-01-27T12:01:17.000Z,34,8-K,000-24435,25555734,"7.01,8.01",XBRL,178872,1,1,,d923383d8k.htm,8-K,True
0001193125-25-017726,2025-01-31,2025-01-30,2025-01-31T13:02:12.000Z,34,8-K,000-24435,25575962,"1.01,8.01,9.01",XBRL,371384,1,1,,d830622d8k.htm,8-K,True
0001193125-25-018889,2025-02-03,2025-02-03,2025-02-03T13:00:24.000Z,34,8-K,000-24435,25580672,8.01,XBRL,142341,1,1,,d752096d8k.htm,8-K,True
0000950170-25-014455,2025-02-05,2025-02-05,2025-02-05T21:05:58.000Z,34,8-K,000-24435,25593255,"2.02,9.01",XBRL,1476717,1,1,,mstr-20250205.htm,8-K,False
0001193125-25-020868,2025-02-05,2025-02-05,2025-02-05T21:53:07.000Z,34,8-K,000-24435,25594073,"3.03,5.03,9.01",XBRL,689108,1,1,,d791994d8k.htm,8-K,False
0001193125-25-023183,2025-02-10,2025-02-10,2025-02-10T12:46:40.000Z,34,8-K,001-42509,25603675,"7.01,8.01",XBRL,288289,1,1,,d914889d8k.htm,8-K,True
0001193125-25-028184,2025-02-18,2025-02-18,2025-02-18T13:07:37.000Z,34,8-K,001-42509,25632792,"7.01,8.01",XBRL,240074,1,1,,d914761d8k.htm,8-K,True
0001193125-25-030144,2025-02-20,2025-02-18,2025-02-20T13:05:42.000Z,34,8-K,001-42509,25643343,"8.01,9.01",XBRL,238688,1,1,,d925229d8k.htm,8-K,True
0001193125-25-032800,2025-02-24,2025-02-21,2025-02-24T12:38:38.000Z,34,8-K,001-42509,25654208,"1.01,2.03,3.02,8.01,9.01",XBRL,1021378,1,1,,d851880d8k.htm,8-K,True
0000950170-25-025233,2025-02-24,2025-02-24,2025-02-24T13:00:09.000Z,34,8-K,001-42509,25654261,"7.01,8.01",XBRL,352059,1,1,,mstr-20250224.htm,8-K,True
0000950170-25-030406,2025-03-03,2025-03-03,2025-03-03T13:00:09.000Z,34,8-K,001-42509,25693822,"7.01,8.01",XBRL,262844,1,1,,mstr-20250303.htm,8-K,True
0001193125-25-050411,2025-03-10,2025-03-10,2025-03-10T12:03:29.000Z,34,8-K,001-42509,25722207,"1.01,7.01,8.01,9.01",XBRL,570235,1,1,,d872184d8k.htm,8-K,True
0000950170-25-039835,2025-03-17,2025-03-17,2025-03-17T12:00:10.000Z,34,8-K,001-42509,25742401,"7.01,8.01",XBRL,258988,1,1,,mstr-20250317.htm,8-K,True
0001193125-25-056203,2025-03-18,2025-03-18,2025-03-18T12:17:36.000Z,34,8-K,001-42509,25746557,"8.01,9.01",XBRL,213877,1,1,,d888756d8k.htm,8-K,True
0001193125-25-059786,2025-03-21,2025-03-20,2025-03-21T12:03:04.000Z,34,8-K,001-42509,25758556,"1.01,8.01,9.01",XBRL,417936,1,1,,d866395d8k.htm,8-K,True
0000950170-25-043494,2025-03-24,2025-03-24,2025-03-24T12:00:09.000Z,34,8-K,001-42509,25762238,"7.01,8.01",XBRL,262612,1,1,,mstr-20250324.htm,8-K,True
0001193125-25-062523,2025-03-25,2025-03-25,2025-03-25T20:03:29.000Z,34,8-K,001-42509,25768240,"3.03,5.03,9.01",XBRL,578573,1,1,,d943742d8k.htm,8-K,False
0000950170-25-047219,2025-03-31,2025-03-31,2025-03-31T12:00:08.000Z,34,8-K,001-42509,25788973,"7.01,8.01",XBRL,332377,1,1,,mstr-20250331.htm,8-K,True
0001193125-25-073989,2025-04-07,2025-04-07,2025-04-07T12:01:42.000Z,34,8-K,001-42509,25816397,"2.02,8.01",XBRL,747110,1,1,,d938485d8k.htm,8-K,True
0000950170-25-053501,2025-04-14,2025-04-14,2025-04-14T12:00:09.000Z,34,8-K,001-42509,25834237,"7.01,8.01",XBRL,332058,1,1,,mstr-20250331.htm,8-K,True
0000950170-25-056007,2025-04-21,2025-04-21,2025-04-21T12:00:09.000Z,34,8-K,001-42509,25851326,"7.01,8.01",XBRL,332136,1,1,,mstr-20250331.htm,8-K,True
0000950170-25-058962,2025-04-28,2025-04-28,2025-04-28T12:00:10.000Z,34,8-K,001-42509,25875981,"7.01,8.01",XBRL,340126,1,1,,mstr-20250331.htm,8-K,True
0001193125-25-109959,2025-05-01,2025-05-01,2025-05-01T20:08:38.000Z,34,8-K,001-42509,25903133,"1.01,9.01",XBRL,505778,1,1,,d944677d8k.htm,8-K,False
0000950170-25-061806,2025-05-01,2025-05-01,2025-05-01T20:02:59.000Z,34,8-K,001-42509,25902898,"2.02,9.01",XBRL,1289505,1,1,,mstr-20250501.htm,8-K,False
0000950170-25-063168,2025-05-05,2025-05-05,2025-05-05T12:00:09.000Z,34,8-K,001-42509,25910954,"7.01,8.01",XBRL,342776,1,1,,mstr-20250331.htm,8-K,True
0000950170-25-068580,2025-05-12,2025-05-12,2025-05-12T12:00:12.000Z,34,8-K,001-42509,25932648,"7.01,8.01",XBRL,334044,1,1,,mstr-20250331.htm,8-K,True
0000950170-25-073962,2025-05-19,2025-05-19,2025-05-19T12:00:10.000Z,34,8-K,001-42509,25961526,"7.01,8.01",XBRL,329399,1,1,,mstr-20250331.htm,8-K,True
0001193125-25-124568,2025-05-22,2025-05-22,2025-05-22T12:06:07.000Z,34,8-K,001-42509,25974770,"8.01,9.01",XBRL,518875,1,1,,d68716d8k.htm,8-K,True
0000950170-25-077387,2025-05-27,2025-05-26,2025-05-27T12:00:15.000Z,34,8-K,001-42509,25984306,"7.01,8.01,9.01",XBRL,359348,1,1,,mstr-20250526.htm,8-K,True
0000950170-25-080022,2025-06-02,2025-06-02,2025-06-02T12:00:07.000Z,34,8-K,001-42509,251013162,"7.01,8.01",XBRL,336836,1,1,,mstr-20250331.htm,8-K,True
0001193125-25-133461,2025-06-02,2025-06-02,2025-06-02T21:27:23.000Z,34,8-K,001-42509,251016208,"8.01,9.01",XBRL,217293,1,1,,d930042d8k.htm,8-K,True
0001193125-25-136301,2025-06-06,2025-06-05,2025-06-06T11:05:17.000Z,34,8-K,001-42509,251028873,"1.01,8.01,9.01",XBRL,419526,1,1,,d947335d8k.htm,8-K,True
0000950170-25-083448,2025-06-09,2025-06-09,2025-06-09T12:00:25.000Z,34,8-K,001-42509,251032865,"7.01,8.01",XBRL,348744,1,1,,mstr-20250331.htm,8-K,True
0001193125-25-138477,2025-06-10,2025-06-10,2025-06-10T20:26:34.000Z,34,8-K,001-42509,251037465,"3.03,5.03,9.01",XBRL,563877,1,1,,d941529d8k.htm,8-K,False
0001193125-25-141411,2025-06-16,2025-06-12,2025-06-16T20:03:23.000Z,34,8-K,001-42509,251050003,5.07,XBRL,220844,1,1,,d77512d8k.htm,8-K,False
0000950170-25-086545,2025-06-16,2025-06-16,2025-06-16T12:00:27.000Z,34,8-K,001-42509,251048564,"7.01,8.01",XBRL,338349,1,1,,mstr-20250616.htm,8-K,True
0000950170-25-088731,2025-06-23,2025-06-19,2025-06-23T13:00:28.000Z,34,8-K,001-42509,251063113,8.01,XBRL,247967,1,1,,mstr-20250616.htm,8-K,True
0000950170-25-088711,2025-06-23,2025-06-23,2025-06-23T12:00:28.000Z,34,8-K,001-42509,251062990,"7.01,8.01",XBRL,338274,1,1,,mstr-20250616.htm,8-K,True
0000950170-25-091211,2025-06-30,2025-06-30,2025-06-30T12:00:29.000Z,34,8-K,001-42509,251088792,"7.01,8.01",XBRL,342151,1,1,,mstr-20250616.htm,8-K,True
0001193125-25-153997,2025-07-01,2025-07-01,2025-07-01T20:05:46.000Z,34,8-K,001-42509,251096336,5.02,XBRL,209154,1,1,,d28197d8k.htm,8-K,False
0000950170-25-094137,2025-07-07,2025-07-07,2025-07-07T11:59:41.000Z,34,8-K,001-42509,251107003,"2.02,7.01,8.01",XBRL,1324610,1,1,,mstr-20250707.htm,8-K,True
0001193125-25-155918,2025-07-07,2025-07-07,2025-07-07T13:03:59.000Z,34,8-K,001-42509,251107097,"5.03,8.01,9.01",XBRL,732524,1,1,,d66905d8k.htm,8-K,True
0000950170-25-095461,2025-07-14,2025-07-14,2025-07-14T11:59:29.000Z,34,8-K,001-42509,251120161,"7.01,8.01",XBRL,372158,1,1,,mstr-20250714.htm,8-K,True
0000950170-25-097081,2025-07-21,2025-07-21,2025-07-21T12:00:32.000Z,34,8-K,001-42509,251135739,"7.01,8.01",XBRL,349135,1,1,,mstr-20250616.htm,8-K,True
0001193125-25-161916,2025-07-21,2025-07-21,2025-07-21T20:33:51.000Z,34,8-K,001-42509,251137627,"8.01,9.01",XBRL,231188,1,1,,d854047d8k.htm,8-K,True
0001193125-25-163041,2025-07-23,2025-07-21,2025-07-23T12:47:01.000Z,34,8-K,001-42509,251141735,8.01,XBRL,203692,1,1,,d94615d8k.htm,8-K,True
0001193125-25-164852,2025-07-25,2025-07-24,2025-07-25T12:04:31.000Z,34,8-K,001-42509,251148634,"1.01,8.01,9.01",XBRL,451622,1,1,,d65643d8k.htm,8-K,True
0000950170-25-098938,2025-07-28,2025-07-28,2025-07-28T11:59:27.000Z,34,8-K,001-42509,251152970,"7.01,8.01",XBRL,348811,1,1,,mstr-20250616.htm,8-K,True
0001193125-25-167987,2025-07-29,2025-07-29,2025-07-29T20:04:07.000Z,34,8-K,001-42509,251161778,"3.03,5.03,8.01,9.01",XBRL,637966,1,1,,d43815d8k.htm,8-K,True
0000950170-25-100916,2025-07-31,2025-07-31,2025-07-31T20:15:30.000Z,34,8-K,001-42509,251171853,"2.02,8.01,9.01",XBRL,1465498,1,1,,mstr-20250731.htm,8-K,True
0001193125-25-170550,2025-07-31,2025-07-31,2025-07-31T20:24:14.000Z,34,8-K,001-42509,251172008,"5.03,8.01,9.01",XBRL,561200,1,1,,d83620d8k.htm,8-K,True
0000950170-25-101634,2025-08-04,2025-08-04,2025-08-04T12:00:28.000Z,34,8-K,001-42509,251178055,"7.01,8.01",XBRL,403867,1,1,,mstr-20250804.htm,8-K,True
0000950170-25-106241,2025-08-11,2025-08-11,2025-08-11T11:59:27.000Z,34,8-K,001-42509,251200242,"7.01,8.01",XBRL,379649,1,1,,mstr-20250804.htm,8-K,True
0001193125-25-177517,2025-08-11,2025-08-11,2025-08-11T12:41:15.000Z,34,8-K,001-42509,251200352,"5.03,8.01,9.01",XBRL,299332,1,1,,d938099d8k.htm,8-K,True
0000950170-25-109566,2025-08-18,2025-08-18,2025-08-18T12:00:29.000Z,34,8-K,001-42509,251226306,"7.01,8.01,9.01",XBRL,978826,1,1,,mstr-20250818.htm,8-K,True
0000950170-25-111093,2025-08-25,2025-08-25,2025-08-25T11:59:28.000Z,34,8-K,001-42509,251247934,"7.01,8.01",XBRL,379574,1,1,,mstr-20250818.htm,8-K,True
0001193125-25-190363,2025-08-28,2025-08-28,2025-08-28T12:00:32.000Z,34,8-K,001-42509,251267644,8.01,XBRL,220650,1,1,,d18414d8k.htm,8-K,True
0001193125-25-193487,2025-09-02,2025-08-31,2025-09-02T13:00:46.000Z,34,8-K,001-42509,251283203,"7.01,8.01",XBRL,223815,1,1,,d80677d8k.htm,8-K,True
0001050446-25-000008,2025-09-02,2025-09-02,2025-09-02T11:59:26.000Z,34,8-K,001-42509,251282984,"7.01,8.01",XBRL,389441,1,1,,mstr-20250902.htm,8-K,True
0000950170-25-113360,2025-09-08,2025-09-08,2025-09-08T11:00:49.000Z,34,8-K,001-42509,251298526,"7.01,8.01",XBRL,389444,1,1,,mstr-20250902.htm,8-K,True
0001193125-25-202827,2025-09-15,2025-09-15,2025-09-15T11:59:26.000Z,34,8-K,001-42509,251313205,"7.01,8.01",XBRL,389480,1,1,,mstr-20250902.htm,8-K,True
0001193125-25-210048,2025-09-22,2025-09-22,2025-09-22T11:59:29.000Z,34,8-K,001-42509,251328449,"7.01,8.01",XBRL,389619,1,1,,mstr-20250902.htm,8-K,True
0001193125-25-221772,2025-09-29,2025-09-29,2025-09-29T11:59:25.000Z,34,8-K,001-42509,251352319,"7.01,8.01",XBRL,389465,1,1,,mstr-20250902.htm,8-K,True
0001193125-25-225038,2025-09-30,2025-09-30,2025-09-30T20:11:01.000Z,34,8-K,001-42509,251360530,"7.01,8.01",XBRL,219479,1,1,,d939712d8k.htm,8-K,True
0001193125-25-225904,2025-10-01,2025-09-30,2025-10-01T11:57:46.000Z,34,8-K,001-42509,251362601,8.01,XBRL,218934,1,1,,d807448d8k.htm,8-K,True
0001193125-25-230977,2025-10-06,2025-10-06,2025-10-06T11:59:30.000Z,34,8-K,001-42509,251375650,"2.02,5.02,7.01,8.01",XBRL,840091,1,1,,d49048d8k.htm,8-K,True
0001193125-25-238132,2025-10-14,2025-09-02,2025-10-14T11:59:25.000Z,34,8-K,001-42509,251389702,"7.01,8.01,9.01",XBRL,402348,1,1,,mstr-20250902.htm,8-K,True
0001193125-25-243049,2025-10-20,2025-10-20,2025-10-20T11:59:26.000Z,34,8-K,001-42509,251402342,"7.01,8.01",XBRL,389411,1,1,,mstr-20250902.htm,8-K,True
0001193125-25-250751,2025-10-27,2025-10-27,2025-10-27T12:00:26.000Z,34,8-K,001-42509,251417516,"7.01,8.01",XBRL,389475,1,1,,mstr-20250902.htm,8-K,True
0001193125-25-258690,2025-10-30,2025-10-30,2025-10-30T20:34:14.000Z,34,8-K,001-42509,251436260,"2.02,7.01,8.01,9.01",XBRL,995231,1,1,,mstr-20251030.htm,8-K,True
0001193125-25-262819,2025-11-03,2025-11-03,2025-11-03T22:22:28.000Z,34,8-K,001-42509,251445277,"8.01,9.01",XBRL,275369,1,1,,d79833d8k.htm,8-K,True
0001193125-25-261714,2025-11-03,2025-11-03,2025-11-03T12:59:27.000Z,34,8-K,001-42509,251442151,"7.01,8.01",XBRL,389392,1,1,,mstr-20250902.htm,8-K,True
0001193125-25-263914,2025-11-04,2025-11-04,2025-11-04T16:45:50.000Z,34,8-K,001-42509,251447309,"1.01,1.02,8.01,9.01",XBRL,708467,1,1,,d70243d8k.htm,8-K,True
0001193125-25-271105,2025-11-07,2025-11-06,2025-11-07T13:05:49.000Z,34,8-K,001-42509,251460589,"1.01,8.01,9.01",XBRL,495654,1,1,,d78313d8k.htm,8-K,True
0001193125-25-273310,2025-11-10,2025-11-10,2025-11-10T13:00:27.000Z,34,8-K,001-42509,251464419,"7.01,8.01",XBRL,378411,1,1,,mstr-20250902.htm,8-K,True
0001193125-25-280178,2025-11-13,2025-11-12,2025-11-13T21:10:44.000Z,34,8-K,001-42509,251478538,"3.03,5.03,9.01",XBRL,576184,1,1,,d205736d8k.htm,8-K,False
0001193125-25-283991,2025-11-17,2025-11-17,2025-11-17T13:23:44.000Z,34,8-K,001-42509,251489430,"7.01,8.01",XBRL,375583,1,1,,mstr-20251117.htm,8-K,True
0001193125-25-303157,2025-12-01,2025-11-30,2025-12-01T12:58:18.000Z,34,8-K,001-42509,251537164,"5.02,7.01,8.01,9.01",XBRL,4002608,1,1,,d69948d8k.htm,8-K,True
0001193125-25-310607,2025-12-08,2025-12-08,2025-12-08T12:59:24.000Z,34,8-K,001-42509,251554664,"7.01,8.01",XBRL,374785,1,1,,mstr-20251117.htm,8-K,True
0001193125-25-318468,2025-12-15,2025-12-15,2025-12-15T13:00:26.000Z,34,8-K,001-42509,251570067,"7.01,8.01",XBRL,374862,1,1,,mstr-20251117.htm,8-K,True
0001193125-25-327598,2025-12-22,2025-12-22,2025-12-22T13:00:30.000Z,34,8-K,001-42509,251589519,"7.01,8.01",XBRL,377713,1,1,,mstr-20251117.htm,8-K,True
0001193125-25-332296,2025-12-29,2025-12-29,2025-12-29T13:00:25.000Z,34,8-K,001-42509,251603154,"7.01,8.01",XBRL,374723,1,1,,mstr-20251117.htm,8-K,True
0001193125-26-000264,2026-01-02,2025-12-31,2026-01-02T13:00:28.000Z,34,8-K,001-42509,26500282,"7.01,8.01",XBRL,301400,1,1,,mstr-20251117.htm,8-K,True
0001193125-26-001550,2026-01-05,2026-01-05,2026-01-05T13:00:27.000Z,34,8-K,001-42509,26503917,"7.01,8.01",XBRL,461869,1,1,,mstr-20260105.htm,8-K,True
0001193125-26-009811,2026-01-12,2026-01-12,2026-01-12T13:00:28.000Z,34,8-K,001-42509,26524723,"7.01,8.01",XBRL,374878,1,1,,mstr-20260105.htm,8-K,True
0001193125-26-016002,2026-01-20,2026-01-20,2026-01-20T13:00:28.000Z,34,8-K,001-42509,26541154,"7.01,8.01",XBRL,374910,1,1,,mstr-20260105.htm,8-K,True
0001193125-26-021726,2026-01-26,2026-01-26,2026-01-26T13:00:26.000Z,34,8-K,001-42509,26558459,"7.01,8.01",XBRL,375425,1,1,,mstr-20260105.htm,8-K,True
0001193125-26-032731,2026-02-02,2026-01-31,2026-02-02T13:00:25.000Z,34,8-K,001-42509,26585805,"7.01,8.01",XBRL,357979,1,1,,mstr-20260131.htm,8-K,True
0001193125-26-033573,2026-02-02,2026-02-02,2026-02-02T21:00:29.000Z,34,8-K,001-42509,26587727,"8.01,9.01",XBRL,287605,1,1,,mstr-20260202.htm,8-K,True
0001050446-26-000012,2026-02-05,2026-02-05,2026-02-05T21:14:51.000Z,34,8-K,001-42509,26603061,"2.02,7.01,8.01,9.01",XBRL,552324,1,1,,mstr-20260205.htm,8-K,True
0001193125-26-041944,2026-02-09,2026-02-09,2026-02-09T13:00:26.000Z,34,8-K,001-42509,26609651,"7.01,8.01",XBRL,341212,1,1,,mstr-20260105.htm,8-K,True
0001193125-26-053105,2026-02-17,2026-02-17,2026-02-17T13:00:25.000Z,34,8-K,001-42509,26636513,"7.01,8.01",XBRL,341262,1,1,,mstr-20260105.htm,8-K,True
0001193125-26-062489,2026-02-23,2026-02-23,2026-02-23T13:00:26.000Z,34,8-K,001-42509,26662133,"7.01,8.01",XBRL,339575,1,1,,mstr-20260223.htm,8-K,True
0001193125-26-084264,2026-03-02,2026-02-28,2026-03-02T13:00:27.000Z,34,8-K,001-42509,26703531,"7.01,8.01",XBRL,364156,1,1,,mstr-20260228.htm,8-K,True
0001193125-26-097598,2026-03-09,2026-03-09,2026-03-09T11:56:38.000Z,34,8-K,001-42509,26733228,"7.01,8.01,9.01",XBRL,747783,1,1,,d122015d8k.htm,8-K,True
0001193125-26-107263,2026-03-16,2026-03-16,2026-03-16T12:00:08.000Z,34,8-K,001-42509,26754507,"7.01,8.01",XBRL,341226,1,1,,mstr-20260223.htm,8-K,True
0001193125-26-118584,2026-03-23,2026-03-23,2026-03-23T12:00:09.000Z,34,8-K,001-42509,26779932,"7.01,8.01",XBRL,341154,1,1,,mstr-20260223.htm,8-K,True
0001193125-26-118810,2026-03-23,2026-03-23,2026-03-23T13:38:06.000Z,34,8-K,001-42509,26780260,"1.01,1.02,5.03,8.01,9.01",XBRL,517204,1,1,,d93392d8k.htm,8-K,True
0001193125-26-130446,2026-03-30,2026-03-30,2026-03-30T12:00:08.000Z,34,8-K,001-42509,26810016,"7.01,8.01",XBRL,262983,1,1,,mstr-20260223.htm,8-K,True
0001193125-26-135765,2026-04-01,2025-09-02,2026-04-01T12:00:09.000Z,34,8-K,001-42509,26824737,"7.01,8.01",XBRL,254503,1,1,,mstr-20250902.htm,8-K,True
0001193125-26-142925,2026-04-06,2026-04-06,2026-04-06T12:00:08.000Z,34,8-K,001-42509,26839587,"7.01,8.01",XBRL,430107,1,1,0.0,mstr-20260406.htm,8-K,True
0001193125-26-152015,2026-04-13,2026-04-13,2026-04-13T12:00:08.000Z,34,8-K,001-42509,26856487,"7.01,8.01",XBRL,342400,1,1,0.0,mstr-20260223.htm,8-K,True
0001193125-26-162756,2026-04-20,2026-04-20,2026-04-20T12:00:18.000Z,34,8-K,001-42509,26873379,"7.01,8.01",XBRL,342208,1,1,0.0,mstr-20260223.htm,8-K,True
