accessionNumber,filingDate,reportDate,acceptanceDateTime,act,form,fileNumber,filmNumber,items,core_type,size,isXBRL,isInlineXBRL,isXBRLNumeric,primaryDocument,primaryDocDescription
0001193125-26-162756,2026-04-20,2026-04-20,2026-04-20T12:00:18.000Z,34,8-K,001-42509,26873379,"7.01,8.01",XBRL,342208,1,1,0.0,mstr-20260223.htm,8-K
0001193125-26-152015,2026-04-13,2026-04-13,2026-04-13T12:00:08.000Z,34,8-K,001-42509,26856487,"7.01,8.01",XBRL,342400,1,1,0.0,mstr-20260223.htm,8-K
0001193125-26-142925,2026-04-06,2026-04-06,2026-04-06T12:00:08.000Z,34,8-K,001-42509,26839587,"7.01,8.01",XBRL,430107,1,1,0.0,mstr-20260406.htm,8-K
0001193125-26-135765,2026-04-01,2025-09-02,2026-04-01T12:00:09.000Z,34,8-K,001-42509,26824737,"7.01,8.01",XBRL,254503,1,1,,mstr-20250902.htm,8-K
0001193125-26-130446,2026-03-30,2026-03-30,2026-03-30T12:00:08.000Z,34,8-K,001-42509,26810016,"7.01,8.01",XBRL,262983,1,1,,mstr-20260223.htm,8-K
0001193125-26-118810,2026-03-23,2026-03-23,2026-03-23T13:38:06.000Z,34,8-K,001-42509,26780260,"1.01,1.02,5.03,8.01,9.01",XBRL,517204,1,1,,d93392d8k.htm,8-K
0001193125-26-118584,2026-03-23,2026-03-23,2026-03-23T12:00:09.000Z,34,8-K,001-42509,26779932,"7.01,8.01",XBRL,341154,1,1,,mstr-20260223.htm,8-K
0001193125-26-107263,2026-03-16,2026-03-16,2026-03-16T12:00:08.000Z,34,8-K,001-42509,26754507,"7.01,8.01",XBRL,341226,1,1,,mstr-20260223.htm,8-K
0001193125-26-097598,2026-03-09,2026-03-09,2026-03-09T11:56:38.000Z,34,8-K,001-42509,26733228,"7.01,8.01,9.01",XBRL,747783,1,1,,d122015d8k.htm,8-K
0001193125-26-084264,2026-03-02,2026-02-28,2026-03-02T13:00:27.000Z,34,8-K,001-42509,26703531,"7.01,8.01",XBRL,364156,1,1,,mstr-20260228.htm,8-K
0001193125-26-062489,2026-02-23,2026-02-23,2026-02-23T13:00:26.000Z,34,8-K,001-42509,26662133,"7.01,8.01",XBRL,339575,1,1,,mstr-20260223.htm,8-K
0001193125-26-053105,2026-02-17,2026-02-17,2026-02-17T13:00:25.000Z,34,8-K,001-42509,26636513,"7.01,8.01",XBRL,341262,1,1,,mstr-20260105.htm,8-K
0001193125-26-041944,2026-02-09,2026-02-09,2026-02-09T13:00:26.000Z,34,8-K,001-42509,26609651,"7.01,8.01",XBRL,341212,1,1,,mstr-20260105.htm,8-K
0001050446-26-000012,2026-02-05,2026-02-05,2026-02-05T21:14:51.000Z,34,8-K,001-42509,26603061,"2.02,7.01,8.01,9.01",XBRL,552324,1,1,,mstr-20260205.htm,8-K
0001193125-26-033573,2026-02-02,2026-02-02,2026-02-02T21:00:29.000Z,34,8-K,001-42509,26587727,"8.01,9.01",XBRL,287605,1,1,,mstr-20260202.htm,8-K
0001193125-26-032731,2026-02-02,2026-01-31,2026-02-02T13:00:25.000Z,34,8-K,001-42509,26585805,"7.01,8.01",XBRL,357979,1,1,,mstr-20260131.htm,8-K
0001193125-26-021726,2026-01-26,2026-01-26,2026-01-26T13:00:26.000Z,34,8-K,001-42509,26558459,"7.01,8.01",XBRL,375425,1,1,,mstr-20260105.htm,8-K
0001193125-26-016002,2026-01-20,2026-01-20,2026-01-20T13:00:28.000Z,34,8-K,001-42509,26541154,"7.01,8.01",XBRL,374910,1,1,,mstr-20260105.htm,8-K
0001193125-26-009811,2026-01-12,2026-01-12,2026-01-12T13:00:28.000Z,34,8-K,001-42509,26524723,"7.01,8.01",XBRL,374878,1,1,,mstr-20260105.htm,8-K
0001193125-26-001550,2026-01-05,2026-01-05,2026-01-05T13:00:27.000Z,34,8-K,001-42509,26503917,"7.01,8.01",XBRL,461869,1,1,,mstr-20260105.htm,8-K
0001193125-26-000264,2026-01-02,2025-12-31,2026-01-02T13:00:28.000Z,34,8-K,001-42509,26500282,"7.01,8.01",XBRL,301400,1,1,,mstr-20251117.htm,8-K
0001193125-25-332296,2025-12-29,2025-12-29,2025-12-29T13:00:25.000Z,34,8-K,001-42509,251603154,"7.01,8.01",XBRL,374723,1,1,,mstr-20251117.htm,8-K
0001193125-25-327598,2025-12-22,2025-12-22,2025-12-22T13:00:30.000Z,34,8-K,001-42509,251589519,"7.01,8.01",XBRL,377713,1,1,,mstr-20251117.htm,8-K
0001193125-25-318468,2025-12-15,2025-12-15,2025-12-15T13:00:26.000Z,34,8-K,001-42509,251570067,"7.01,8.01",XBRL,374862,1,1,,mstr-20251117.htm,8-K
0001193125-25-310607,2025-12-08,2025-12-08,2025-12-08T12:59:24.000Z,34,8-K,001-42509,251554664,"7.01,8.01",XBRL,374785,1,1,,mstr-20251117.htm,8-K
0001193125-25-303157,2025-12-01,2025-11-30,2025-12-01T12:58:18.000Z,34,8-K,001-42509,251537164,"5.02,7.01,8.01,9.01",XBRL,4002608,1,1,,d69948d8k.htm,8-K
0001193125-25-283991,2025-11-17,2025-11-17,2025-11-17T13:23:44.000Z,34,8-K,001-42509,251489430,"7.01,8.01",XBRL,375583,1,1,,mstr-20251117.htm,8-K
0001193125-25-280178,2025-11-13,2025-11-12,2025-11-13T21:10:44.000Z,34,8-K,001-42509,251478538,"3.03,5.03,9.01",XBRL,576184,1,1,,d205736d8k.htm,8-K
0001193125-25-273310,2025-11-10,2025-11-10,2025-11-10T13:00:27.000Z,34,8-K,001-42509,251464419,"7.01,8.01",XBRL,378411,1,1,,mstr-20250902.htm,8-K
0001193125-25-271105,2025-11-07,2025-11-06,2025-11-07T13:05:49.000Z,34,8-K,001-42509,251460589,"1.01,8.01,9.01",XBRL,495654,1,1,,d78313d8k.htm,8-K
0001193125-25-263914,2025-11-04,2025-11-04,2025-11-04T16:45:50.000Z,34,8-K,001-42509,251447309,"1.01,1.02,8.01,9.01",XBRL,708467,1,1,,d70243d8k.htm,8-K
0001193125-25-262819,2025-11-03,2025-11-03,2025-11-03T22:22:28.000Z,34,8-K,001-42509,251445277,"8.01,9.01",XBRL,275369,1,1,,d79833d8k.htm,8-K
0001193125-25-261714,2025-11-03,2025-11-03,2025-11-03T12:59:27.000Z,34,8-K,001-42509,251442151,"7.01,8.01",XBRL,389392,1,1,,mstr-20250902.htm,8-K
0001193125-25-258690,2025-10-30,2025-10-30,2025-10-30T20:34:14.000Z,34,8-K,001-42509,251436260,"2.02,7.01,8.01,9.01",XBRL,995231,1,1,,mstr-20251030.htm,8-K
0001193125-25-250751,2025-10-27,2025-10-27,2025-10-27T12:00:26.000Z,34,8-K,001-42509,251417516,"7.01,8.01",XBRL,389475,1,1,,mstr-20250902.htm,8-K
0001193125-25-243049,2025-10-20,2025-10-20,2025-10-20T11:59:26.000Z,34,8-K,001-42509,251402342,"7.01,8.01",XBRL,389411,1,1,,mstr-20250902.htm,8-K
0001193125-25-238132,2025-10-14,2025-09-02,2025-10-14T11:59:25.000Z,34,8-K,001-42509,251389702,"7.01,8.01,9.01",XBRL,402348,1,1,,mstr-20250902.htm,8-K
0001193125-25-230977,2025-10-06,2025-10-06,2025-10-06T11:59:30.000Z,34,8-K,001-42509,251375650,"2.02,5.02,7.01,8.01",XBRL,840091,1,1,,d49048d8k.htm,8-K
0001193125-25-225904,2025-10-01,2025-09-30,2025-10-01T11:57:46.000Z,34,8-K,001-42509,251362601,8.01,XBRL,218934,1,1,,d807448d8k.htm,8-K
0001193125-25-225038,2025-09-30,2025-09-30,2025-09-30T20:11:01.000Z,34,8-K,001-42509,251360530,"7.01,8.01",XBRL,219479,1,1,,d939712d8k.htm,8-K
0001193125-25-221772,2025-09-29,2025-09-29,2025-09-29T11:59:25.000Z,34,8-K,001-42509,251352319,"7.01,8.01",XBRL,389465,1,1,,mstr-20250902.htm,8-K
0001193125-25-210048,2025-09-22,2025-09-22,2025-09-22T11:59:29.000Z,34,8-K,001-42509,251328449,"7.01,8.01",XBRL,389619,1,1,,mstr-20250902.htm,8-K
0001193125-25-202827,2025-09-15,2025-09-15,2025-09-15T11:59:26.000Z,34,8-K,001-42509,251313205,"7.01,8.01",XBRL,389480,1,1,,mstr-20250902.htm,8-K
0000950170-25-113360,2025-09-08,2025-09-08,2025-09-08T11:00:49.000Z,34,8-K,001-42509,251298526,"7.01,8.01",XBRL,389444,1,1,,mstr-20250902.htm,8-K
0001193125-25-193487,2025-09-02,2025-08-31,2025-09-02T13:00:46.000Z,34,8-K,001-42509,251283203,"7.01,8.01",XBRL,223815,1,1,,d80677d8k.htm,8-K
0001050446-25-000008,2025-09-02,2025-09-02,2025-09-02T11:59:26.000Z,34,8-K,001-42509,251282984,"7.01,8.01",XBRL,389441,1,1,,mstr-20250902.htm,8-K
0001193125-25-190363,2025-08-28,2025-08-28,2025-08-28T12:00:32.000Z,34,8-K,001-42509,251267644,8.01,XBRL,220650,1,1,,d18414d8k.htm,8-K
0000950170-25-111093,2025-08-25,2025-08-25,2025-08-25T11:59:28.000Z,34,8-K,001-42509,251247934,"7.01,8.01",XBRL,379574,1,1,,mstr-20250818.htm,8-K
0000950170-25-109566,2025-08-18,2025-08-18,2025-08-18T12:00:29.000Z,34,8-K,001-42509,251226306,"7.01,8.01,9.01",XBRL,978826,1,1,,mstr-20250818.htm,8-K
0001193125-25-177517,2025-08-11,2025-08-11,2025-08-11T12:41:15.000Z,34,8-K,001-42509,251200352,"5.03,8.01,9.01",XBRL,299332,1,1,,d938099d8k.htm,8-K
0000950170-25-106241,2025-08-11,2025-08-11,2025-08-11T11:59:27.000Z,34,8-K,001-42509,251200242,"7.01,8.01",XBRL,379649,1,1,,mstr-20250804.htm,8-K
0000950170-25-101634,2025-08-04,2025-08-04,2025-08-04T12:00:28.000Z,34,8-K,001-42509,251178055,"7.01,8.01",XBRL,403867,1,1,,mstr-20250804.htm,8-K
0001193125-25-170550,2025-07-31,2025-07-31,2025-07-31T20:24:14.000Z,34,8-K,001-42509,251172008,"5.03,8.01,9.01",XBRL,561200,1,1,,d83620d8k.htm,8-K
0000950170-25-100916,2025-07-31,2025-07-31,2025-07-31T20:15:30.000Z,34,8-K,001-42509,251171853,"2.02,8.01,9.01",XBRL,1465498,1,1,,mstr-20250731.htm,8-K
0001193125-25-167987,2025-07-29,2025-07-29,2025-07-29T20:04:07.000Z,34,8-K,001-42509,251161778,"3.03,5.03,8.01,9.01",XBRL,637966,1,1,,d43815d8k.htm,8-K
0000950170-25-098938,2025-07-28,2025-07-28,2025-07-28T11:59:27.000Z,34,8-K,001-42509,251152970,"7.01,8.01",XBRL,348811,1,1,,mstr-20250616.htm,8-K
0001193125-25-164852,2025-07-25,2025-07-24,2025-07-25T12:04:31.000Z,34,8-K,001-42509,251148634,"1.01,8.01,9.01",XBRL,451622,1,1,,d65643d8k.htm,8-K
0001193125-25-163041,2025-07-23,2025-07-21,2025-07-23T12:47:01.000Z,34,8-K,001-42509,251141735,8.01,XBRL,203692,1,1,,d94615d8k.htm,8-K
0001193125-25-161916,2025-07-21,2025-07-21,2025-07-21T20:33:51.000Z,34,8-K,001-42509,251137627,"8.01,9.01",XBRL,231188,1,1,,d854047d8k.htm,8-K
0000950170-25-097081,2025-07-21,2025-07-21,2025-07-21T12:00:32.000Z,34,8-K,001-42509,251135739,"7.01,8.01",XBRL,349135,1,1,,mstr-20250616.htm,8-K
0000950170-25-095461,2025-07-14,2025-07-14,2025-07-14T11:59:29.000Z,34,8-K,001-42509,251120161,"7.01,8.01",XBRL,372158,1,1,,mstr-20250714.htm,8-K
0001193125-25-155918,2025-07-07,2025-07-07,2025-07-07T13:03:59.000Z,34,8-K,001-42509,251107097,"5.03,8.01,9.01",XBRL,732524,1,1,,d66905d8k.htm,8-K
0000950170-25-094137,2025-07-07,2025-07-07,2025-07-07T11:59:41.000Z,34,8-K,001-42509,251107003,"2.02,7.01,8.01",XBRL,1324610,1,1,,mstr-20250707.htm,8-K
0001193125-25-153997,2025-07-01,2025-07-01,2025-07-01T20:05:46.000Z,34,8-K,001-42509,251096336,5.02,XBRL,209154,1,1,,d28197d8k.htm,8-K
0000950170-25-091211,2025-06-30,2025-06-30,2025-06-30T12:00:29.000Z,34,8-K,001-42509,251088792,"7.01,8.01",XBRL,342151,1,1,,mstr-20250616.htm,8-K
0000950170-25-088731,2025-06-23,2025-06-19,2025-06-23T13:00:28.000Z,34,8-K,001-42509,251063113,8.01,XBRL,247967,1,1,,mstr-20250616.htm,8-K
0000950170-25-088711,2025-06-23,2025-06-23,2025-06-23T12:00:28.000Z,34,8-K,001-42509,251062990,"7.01,8.01",XBRL,338274,1,1,,mstr-20250616.htm,8-K
0001193125-25-141411,2025-06-16,2025-06-12,2025-06-16T20:03:23.000Z,34,8-K,001-42509,251050003,5.07,XBRL,220844,1,1,,d77512d8k.htm,8-K
0000950170-25-086545,2025-06-16,2025-06-16,2025-06-16T12:00:27.000Z,34,8-K,001-42509,251048564,"7.01,8.01",XBRL,338349,1,1,,mstr-20250616.htm,8-K
0001193125-25-138477,2025-06-10,2025-06-10,2025-06-10T20:26:34.000Z,34,8-K,001-42509,251037465,"3.03,5.03,9.01",XBRL,563877,1,1,,d941529d8k.htm,8-K
0000950170-25-083448,2025-06-09,2025-06-09,2025-06-09T12:00:25.000Z,34,8-K,001-42509,251032865,"7.01,8.01",XBRL,348744,1,1,,mstr-20250331.htm,8-K
0001193125-25-136301,2025-06-06,2025-06-05,2025-06-06T11:05:17.000Z,34,8-K,001-42509,251028873,"1.01,8.01,9.01",XBRL,419526,1,1,,d947335d8k.htm,8-K
0001193125-25-133461,2025-06-02,2025-06-02,2025-06-02T21:27:23.000Z,34,8-K,001-42509,251016208,"8.01,9.01",XBRL,217293,1,1,,d930042d8k.htm,8-K
0000950170-25-080022,2025-06-02,2025-06-02,2025-06-02T12:00:07.000Z,34,8-K,001-42509,251013162,"7.01,8.01",XBRL,336836,1,1,,mstr-20250331.htm,8-K
0000950170-25-077387,2025-05-27,2025-05-26,2025-05-27T12:00:15.000Z,34,8-K,001-42509,25984306,"7.01,8.01,9.01",XBRL,359348,1,1,,mstr-20250526.htm,8-K
0001193125-25-124568,2025-05-22,2025-05-22,2025-05-22T12:06:07.000Z,34,8-K,001-42509,25974770,"8.01,9.01",XBRL,518875,1,1,,d68716d8k.htm,8-K
0000950170-25-073962,2025-05-19,2025-05-19,2025-05-19T12:00:10.000Z,34,8-K,001-42509,25961526,"7.01,8.01",XBRL,329399,1,1,,mstr-20250331.htm,8-K
0000950170-25-068580,2025-05-12,2025-05-12,2025-05-12T12:00:12.000Z,34,8-K,001-42509,25932648,"7.01,8.01",XBRL,334044,1,1,,mstr-20250331.htm,8-K
0000950170-25-063168,2025-05-05,2025-05-05,2025-05-05T12:00:09.000Z,34,8-K,001-42509,25910954,"7.01,8.01",XBRL,342776,1,1,,mstr-20250331.htm,8-K
0001193125-25-109959,2025-05-01,2025-05-01,2025-05-01T20:08:38.000Z,34,8-K,001-42509,25903133,"1.01,9.01",XBRL,505778,1,1,,d944677d8k.htm,8-K
0000950170-25-061806,2025-05-01,2025-05-01,2025-05-01T20:02:59.000Z,34,8-K,001-42509,25902898,"2.02,9.01",XBRL,1289505,1,1,,mstr-20250501.htm,8-K
0000950170-25-058962,2025-04-28,2025-04-28,2025-04-28T12:00:10.000Z,34,8-K,001-42509,25875981,"7.01,8.01",XBRL,340126,1,1,,mstr-20250331.htm,8-K
0000950170-25-056007,2025-04-21,2025-04-21,2025-04-21T12:00:09.000Z,34,8-K,001-42509,25851326,"7.01,8.01",XBRL,332136,1,1,,mstr-20250331.htm,8-K
0000950170-25-053501,2025-04-14,2025-04-14,2025-04-14T12:00:09.000Z,34,8-K,001-42509,25834237,"7.01,8.01",XBRL,332058,1,1,,mstr-20250331.htm,8-K
0001193125-25-073989,2025-04-07,2025-04-07,2025-04-07T12:01:42.000Z,34,8-K,001-42509,25816397,"2.02,8.01",XBRL,747110,1,1,,d938485d8k.htm,8-K
0000950170-25-047219,2025-03-31,2025-03-31,2025-03-31T12:00:08.000Z,34,8-K,001-42509,25788973,"7.01,8.01",XBRL,332377,1,1,,mstr-20250331.htm,8-K
0001193125-25-062523,2025-03-25,2025-03-25,2025-03-25T20:03:29.000Z,34,8-K,001-42509,25768240,"3.03,5.03,9.01",XBRL,578573,1,1,,d943742d8k.htm,8-K
0000950170-25-043494,2025-03-24,2025-03-24,2025-03-24T12:00:09.000Z,34,8-K,001-42509,25762238,"7.01,8.01",XBRL,262612,1,1,,mstr-20250324.htm,8-K
0001193125-25-059786,2025-03-21,2025-03-20,2025-03-21T12:03:04.000Z,34,8-K,001-42509,25758556,"1.01,8.01,9.01",XBRL,417936,1,1,,d866395d8k.htm,8-K
0001193125-25-056203,2025-03-18,2025-03-18,2025-03-18T12:17:36.000Z,34,8-K,001-42509,25746557,"8.01,9.01",XBRL,213877,1,1,,d888756d8k.htm,8-K
0000950170-25-039835,2025-03-17,2025-03-17,2025-03-17T12:00:10.000Z,34,8-K,001-42509,25742401,"7.01,8.01",XBRL,258988,1,1,,mstr-20250317.htm,8-K
0001193125-25-050411,2025-03-10,2025-03-10,2025-03-10T12:03:29.000Z,34,8-K,001-42509,25722207,"1.01,7.01,8.01,9.01",XBRL,570235,1,1,,d872184d8k.htm,8-K
0000950170-25-030406,2025-03-03,2025-03-03,2025-03-03T13:00:09.000Z,34,8-K,001-42509,25693822,"7.01,8.01",XBRL,262844,1,1,,mstr-20250303.htm,8-K
0000950170-25-025233,2025-02-24,2025-02-24,2025-02-24T13:00:09.000Z,34,8-K,001-42509,25654261,"7.01,8.01",XBRL,352059,1,1,,mstr-20250224.htm,8-K
0001193125-25-032800,2025-02-24,2025-02-21,2025-02-24T12:38:38.000Z,34,8-K,001-42509,25654208,"1.01,2.03,3.02,8.01,9.01",XBRL,1021378,1,1,,d851880d8k.htm,8-K
0001193125-25-030144,2025-02-20,2025-02-18,2025-02-20T13:05:42.000Z,34,8-K,001-42509,25643343,"8.01,9.01",XBRL,238688,1,1,,d925229d8k.htm,8-K
0001193125-25-028184,2025-02-18,2025-02-18,2025-02-18T13:07:37.000Z,34,8-K,001-42509,25632792,"7.01,8.01",XBRL,240074,1,1,,d914761d8k.htm,8-K
0001193125-25-023183,2025-02-10,2025-02-10,2025-02-10T12:46:40.000Z,34,8-K,001-42509,25603675,"7.01,8.01",XBRL,288289,1,1,,d914889d8k.htm,8-K
0001193125-25-020868,2025-02-05,2025-02-05,2025-02-05T21:53:07.000Z,34,8-K,000-24435,25594073,"3.03,5.03,9.01",XBRL,689108,1,1,,d791994d8k.htm,8-K
0000950170-25-014455,2025-02-05,2025-02-05,2025-02-05T21:05:58.000Z,34,8-K,000-24435,25593255,"2.02,9.01",XBRL,1476717,1,1,,mstr-20250205.htm,8-K
0001193125-25-018889,2025-02-03,2025-02-03,2025-02-03T13:00:24.000Z,34,8-K,000-24435,25580672,8.01,XBRL,142341,1,1,,d752096d8k.htm,8-K
0001193125-25-017726,2025-01-31,2025-01-30,2025-01-31T13:02:12.000Z,34,8-K,000-24435,25575962,"1.01,8.01,9.01",XBRL,371384,1,1,,d830622d8k.htm,8-K
0001193125-25-012671,2025-01-27,2025-01-27,2025-01-27T12:01:17.000Z,34,8-K,000-24435,25555734,"7.01,8.01",XBRL,178872,1,1,,d923383d8k.htm,8-K
0001193125-25-011819,2025-01-24,2025-01-24,2025-01-24T13:11:27.000Z,34,8-K,000-24435,25551695,8.01,XBRL,146821,1,1,,d920988d8k.htm,8-K
0001193125-25-011455,2025-01-23,2025-01-21,2025-01-23T21:08:22.000Z,34,8-K,000-24435,25550170,"5.02,5.03,5.07,9.01",XBRL,174948,1,1,,d934980d8k.htm,8-K
0001193125-25-009102,2025-01-21,2025-01-21,2025-01-21T13:00:45.000Z,34,8-K,000-24435,25540471,"7.01,8.01",XBRL,176278,1,1,,d853769d8k.htm,8-K
0001193125-25-005000,2025-01-13,2025-01-13,2025-01-13T13:00:16.000Z,34,8-K,000-24435,25524860,"7.01,8.01",XBRL,176480,1,1,,d884652d8k.htm,8-K
0001193125-25-001854,2025-01-06,2025-01-06,2025-01-06T13:00:31.000Z,34,8-K,000-24435,25509085,"2.02,7.01,8.01",XBRL,604148,1,1,,d878544d8k.htm,8-K
0001193125-25-001543,2025-01-03,2025-01-03,2025-01-03T21:35:59.000Z,34,8-K,000-24435,25507022,"8.01,9.01",XBRL,158488,1,1,,d882784d8k.htm,8-K
0001193125-24-286217,2024-12-30,2024-12-30,2024-12-30T13:00:58.000Z,34,8-K,000-24435,241586977,"7.01,8.01",XBRL,184501,1,1,,d896561d8k.htm,8-K
0001193125-24-283686,2024-12-23,2024-12-23,2024-12-23T13:01:28.000Z,34,8-K,000-24435,241569914,"7.01,8.01",XBRL,184947,1,1,,d892375d8k.htm,8-K
0001193125-24-283170,2024-12-20,2024-12-20,2024-12-20T21:34:28.000Z,34,8-K,000-24435,241568461,5.02,XBRL,150452,1,1,,d870934d8k.htm,8-K
0001193125-24-279044,2024-12-16,2024-12-16,2024-12-16T13:01:01.000Z,34,8-K,000-24435,241550168,"7.01,8.01",XBRL,185085,1,1,,d843539d8k.htm,8-K
0001193125-24-272923,2024-12-09,2024-12-09,2024-12-09T13:00:52.000Z,34,8-K,000-24435,241533892,"7.01,8.01",XBRL,184817,1,1,,d873652d8k.htm,8-K
0001193125-24-268429,2024-12-02,2024-12-02,2024-12-02T13:00:53.000Z,34,8-K,000-24435,241517449,"7.01,8.01",XBRL,185059,1,1,,d898104d8k.htm,8-K
0001193125-24-264733,2024-11-25,2024-11-25,2024-11-25T13:02:29.000Z,34,8-K,000-24435,241492011,"7.01,8.01",XBRL,185680,1,1,,d844494d8k.htm,8-K
0001193125-24-263404,2024-11-21,2024-11-21,2024-11-21T21:09:59.000Z,34,8-K,000-24435,241484451,"1.01,2.03,3.02,8.01,9.01",XBRL,989646,1,1,,d905221d8k.htm,8-K
0001193125-24-262151,2024-11-20,2024-11-18,2024-11-20T13:08:00.000Z,34,8-K,000-24435,241478327,"8.01,9.01",XBRL,185950,1,1,,d850321d8k.htm,8-K
0001193125-24-260452,2024-11-18,2024-11-18,2024-11-18T13:00:30.000Z,34,8-K,000-24435,241469785,"7.01,8.01",XBRL,184374,1,1,,d828461d8k.htm,8-K
0001193125-24-255184,2024-11-12,2024-11-11,2024-11-12T13:01:01.000Z,34,8-K,000-24435,241443505,"7.01,8.01,9.01",XBRL,196244,1,1,,d908568d8k.htm,8-K
0001193125-24-247543,2024-10-30,2024-10-30,2024-10-30T20:08:00.000Z,34,8-K,000-24435,241410334,"1.01,9.01",XBRL,458055,1,1,,d905175d8k.htm,8-K
0000950170-24-118951,2024-10-30,2024-10-30,2024-10-30T20:02:39.000Z,34,8-K,000-24435,241410216,"2.02,9.01",XBRL,1132980,1,1,,mstr-20241030.htm,8-K
0001193125-24-222498,2024-09-20,2024-09-20,2024-09-20T13:04:52.000Z,34,8-K,000-24435,241311799,"7.01,8.01",XBRL,191017,1,1,,d822569d8k.htm,8-K
0001193125-24-222462,2024-09-20,2024-09-19,2024-09-20T12:04:29.000Z,34,8-K,000-24435,241311714,"1.01,2.03,3.02,8.01,9.01",XBRL,960297,1,1,,d887785d8k.htm,8-K
0001193125-24-221085,2024-09-18,2024-09-16,2024-09-18T12:11:52.000Z,34,8-K,000-24435,241306210,"8.01,9.01",XBRL,204236,1,1,,d889953d8k.htm,8-K
0001193125-24-218462,2024-09-13,2024-09-13,2024-09-13T12:01:00.000Z,34,8-K,000-24435,241296479,"7.01,8.01",XBRL,180759,1,1,,d808510d8k.htm,8-K
0000950170-24-089243,2024-08-01,2024-08-01,2024-08-01T20:04:26.000Z,34,8-K,000-24435,241166496,"2.02,9.01",XBRL,1094874,1,1,,mstr-20240801.htm,8-K
0001193125-24-177515,2024-07-11,2024-07-11,2024-07-11T12:06:29.000Z,34,8-K,000-24435,241111069,"8.01,9.01",XBRL,150798,1,1,,d858108d8k.htm,8-K
0001193125-24-175343,2024-07-05,2024-07-05,2024-07-05T12:24:30.000Z,34,8-K,000-24435,241101698,"8.01,9.01",XBRL,172336,1,1,,d844285d8k.htm,8-K
0001193125-24-164014,2024-06-20,2024-06-20,2024-06-20T12:12:30.000Z,34,8-K,000-24435,241054147,8.01,XBRL,144586,1,1,,d851818d8k.htm,8-K
0001193125-24-164009,2024-06-20,2024-06-17,2024-06-20T12:06:03.000Z,34,8-K,000-24435,241054133,"1.01,2.03,3.02,8.01,9.01",XBRL,964450,1,1,,d857957d8k.htm,8-K
0001193125-24-161184,2024-06-14,2024-06-13,2024-06-14T12:08:02.000Z,34,8-K,000-24435,241043192,"8.01,9.01",XBRL,185267,1,1,,d792626d8k.htm,8-K
0001193125-24-152373,2024-06-03,2024-05-31,2024-06-03T11:46:01.000Z,34,8-K,000-24435,241012006,8.01,XBRL,144845,1,1,,d831586d8k.htm,8-K
0001193125-24-147023,2024-05-24,2024-05-22,2024-05-24T20:05:55.000Z,34,8-K,000-24435,24984269,5.07,XBRL,155588,1,1,,d610426d8k.htm,8-K
0000950170-24-049829,2024-04-29,2024-04-29,2024-04-29T20:03:47.000Z,34,8-K,000-24435,24890539,"2.02,9.01",XBRL,908145,1,1,,mstr-20240429.htm,8-K
0001193125-24-070801,2024-03-19,2024-03-19,2024-03-19T12:10:31.000Z,34,8-K,000-24435,24761153,8.01,XBRL,143088,1,1,,d805979d8k.htm,8-K
0001193125-24-070793,2024-03-19,2024-03-18,2024-03-19T12:04:31.000Z,34,8-K,000-24435,24761143,"1.01,2.03,3.02,8.01,9.01",XBRL,1032934,1,1,,d792323d8k.htm,8-K
0001193125-24-068621,2024-03-15,2024-03-13,2024-03-15T12:16:55.000Z,34,8-K,000-24435,24752560,"8.01,9.01",XBRL,180718,1,1,,d792611d8k.htm,8-K
0001193125-24-064331,2024-03-11,2024-03-11,2024-03-11T11:46:52.000Z,34,8-K,000-24435,24736563,8.01,XBRL,142881,1,1,,d738431d8k.htm,8-K
0001193125-24-064321,2024-03-11,2024-03-08,2024-03-11T11:39:54.000Z,34,8-K,000-24435,24736554,"1.01,2.03,3.02,8.01,9.01",XBRL,949104,1,1,,d749312d8k.htm,8-K
0001193125-24-060026,2024-03-06,2024-03-04,2024-03-06T13:10:53.000Z,34,8-K,000-24435,24724421,"8.01,9.01",XBRL,180530,1,1,,d781150d8k.htm,8-K
0001193125-24-045396,2024-02-26,2024-02-26,2024-02-26T13:00:58.000Z,34,8-K,000-24435,24673600,8.01,XBRL,142620,1,1,,d786266d8k.htm,8-K
0000950170-24-011709,2024-02-06,2024-02-06,2024-02-06T21:04:53.000Z,34,8-K,000-24435,24600199,"2.02,9.01",XBRL,1143617,1,1,,mstr-20240206.htm,8-K
0001193125-23-303488,2023-12-27,2023-12-27,2023-12-27T13:00:29.000Z,34,8-K,000-24435,231514648,8.01,XBRL,141614,1,1,,d517550d8k.htm,8-K
0001193125-23-285756,2023-11-30,2023-11-29,2023-11-30T13:47:28.000Z,34,8-K,000-24435,231454062,"1.01,1.02,8.01,9.01",XBRL,481269,1,1,,d618268d8k.htm,8-K
0001193125-23-240932,2023-09-25,2023-09-25,2023-09-25T12:00:52.000Z,34,8-K,000-24435,231273151,8.01,XBRL,141161,1,1,,d390258d8k.htm,8-K
0001193125-23-200633,2023-08-01,2023-08-01,2023-08-01T21:02:52.000Z,34,8-K,000-24435,231132646,"1.01,1.02,9.01",XBRL,468578,1,1,,d512066d8k.htm,8-K
0001193125-23-183313,2023-07-07,2023-07-05,2023-07-07T12:08:58.000Z,34,8-K,000-24435,231075243,5.02,XBRL,141311,1,1,,d542722d8k.htm,8-K
0001193125-23-176793,2023-06-28,2023-06-28,2023-06-28T12:00:30.000Z,34,8-K,000-24435,231049199,8.01,XBRL,141319,1,1,,d520680d8k.htm,8-K
0001193125-23-156662,2023-05-30,2023-05-24,2023-05-30T20:47:09.000Z,34,8-K,000-24435,23977231,"5.02,5.07,9.01",XBRL,315697,1,1,,d492817d8k.htm,8-K
0001193125-23-130703,2023-05-01,2023-05-01,2023-05-01T21:15:08.000Z,34,8-K,000-24435,23875039,"1.01,1.02,9.01",XBRL,414859,1,1,,d474855d8k.htm,8-K
0001193125-23-091616,2023-04-05,2023-04-05,2023-04-05T12:07:29.000Z,34,8-K,000-24435,23801226,8.01,XBRL,141042,1,1,,d486424d8k.htm,8-K
0001193125-23-090347,2023-04-04,2023-03-30,2023-04-04T12:01:53.000Z,34,8-K,000-24435,23795136,5.02,XBRL,141062,1,1,,d471178d8k.htm,8-K
0001193125-23-079839,2023-03-27,2023-03-24,2023-03-27T12:01:00.000Z,34,8-K,000-24435,23761470,"1.02,8.01",XBRL,147395,1,1,,d467124d8k.htm,8-K
0001193125-23-057314,2023-03-02,2023-02-28,2023-03-02T13:01:32.000Z,34,8-K,000-24435,23696472,8.01,XBRL,142735,1,1,,d473928d8k.htm,8-K
0001193125-23-022753,2023-02-02,2023-02-02,2023-02-02T21:16:03.000Z,34,8-K,000-24435,23581105,"2.02,9.01",XBRL,479510,1,1,,d455424d8k.htm,8-K
0001193125-23-009591,2023-01-18,2023-01-17,2023-01-17T22:33:35.000Z,34,8-K,000-24435,23532363,"7.01,9.01",XBRL,166993,1,1,,d411935d8k.htm,8-K
0001193125-22-313098,2022-12-28,2022-12-28,2022-12-28T13:01:56.000Z,34,8-K,000-24435,221491651,8.01,XBRL,145674,1,1,,d398241d8k.htm,8-K
0001193125-22-247427,2022-09-20,2022-09-20,2022-09-20T12:00:54.000Z,34,8-K,000-24435,221252088,8.01,XBRL,140681,1,1,,d355455d8k.htm,8-K
0001193125-22-242015,2022-09-09,2022-09-09,2022-09-09T20:35:33.000Z,34,8-K,000-24435,221236582,"1.01,9.01",XBRL,421066,1,1,,d359209d8k.htm,8-K
0001193125-22-235480,2022-09-01,2022-08-31,2022-09-01T00:23:01.000Z,34,8-K,000-24435,221219301,8.01,XBRL,141592,1,1,,d318438d8k.htm,8-K
0001193125-22-184423,2022-06-29,2022-06-29,2022-06-29T12:01:58.000Z,34,8-K,000-24435,221051821,8.01,XBRL,140688,1,1,,d374401d8k.htm,8-K
0001193125-22-165191,2022-06-01,2022-05-25,2022-06-01T20:16:04.000Z,34,8-K,000-24435,22987532,5.07,XBRL,154018,1,1,,d311673d8k.htm,8-K
0001193125-22-095632,2022-04-05,2022-04-05,2022-04-05T12:00:35.000Z,34,8-K,000-24435,22805234,8.01,XBRL,140159,1,1,,d292215d8k.htm,8-K
0001193125-22-087494,2022-03-29,2022-03-23,2022-03-29T12:38:03.000Z,34,8-K,000-24435,22777538,"1.01,2.03,8.01,9.01",XBRL,468435,1,1,,d312252d8k.htm,8-K
0001193125-22-024607,2022-02-01,2022-02-01,2022-02-01T21:16:07.000Z,34,8-K,000-24435,22579126,"2.02,9.01",XBRL,488397,1,1,,d302790d8k.htm,8-K
0001193125-22-024027,2022-02-01,2022-02-01,2022-02-01T13:00:54.000Z,34,8-K,000-24435,22576921,8.01,XBRL,140989,1,1,,d275576d8k.htm,8-K
0001193125-21-369767,2021-12-30,2021-12-30,2021-12-30T13:01:54.000Z,34,8-K,000-24435,211530623,8.01,XBRL,142133,1,1,,d261142d8k.htm,8-K
0001193125-21-352140,2021-12-09,2021-12-09,2021-12-09T13:01:30.000Z,34,8-K,000-24435,211480309,8.01,XBRL,143131,1,1,,d270832d8k.htm,8-K
0001193125-21-341815,2021-11-29,2021-11-29,2021-11-29T13:00:35.000Z,34,8-K,000-24435,211452953,8.01,XBRL,143226,1,1,,d191335d8k.htm,8-K
0001193125-21-318432,2021-11-03,2021-11-01,2021-11-03T20:15:30.000Z,34,8-K,000-24435,211375551,5.02,XBRL,144294,1,1,,d244202d8k.htm,8-K
0001193125-21-270915,2021-09-13,2021-09-13,2021-09-13T12:01:04.000Z,34,8-K,000-24435,211248654,8.01,XBRL,142576,1,1,,d232429d8k.htm,8-K
0001193125-21-254529,2021-08-24,2021-08-24,2021-08-24T12:23:02.000Z,34,8-K,000-24435,211198522,8.01,XBRL,142709,1,1,,d384256d8k.htm,8-K
0001193125-21-189600,2021-06-14,2021-06-14,2021-06-14T13:35:02.000Z,34,8-K,000-24435,211013584,"1.01,2.03,8.01,9.01",XBRL,1677424,1,1,,d148411d8k.htm,8-K
0001193125-21-185538,2021-06-08,2021-06-07,2021-06-08T21:21:02.000Z,34,8-K,000-24435,211003063,"8.01,9.01",XBRL,174238,1,1,,d183783d8k.htm,8-K
0001193125-21-183788,2021-06-07,2021-06-07,2021-06-07T12:30:33.000Z,34,8-K,000-24435,21998332,8.01,XBRL,144808,1,1,,d47054d8k.htm,8-K
0001193125-21-179845,2021-06-02,2021-05-26,2021-06-02T20:06:39.000Z,34,8-K,000-24435,21989137,5.07,XBRL,161146,1,1,,d779294d8k.htm,8-K
0001193125-21-164617,2021-05-18,2021-05-18,2021-05-18T12:00:32.000Z,34,8-K,000-24435,21933910,8.01,XBRL,141732,1,1,,d167554d8k.htm,8-K
0001193125-21-159855,2021-05-13,2021-05-13,2021-05-13T12:00:31.000Z,34,8-K,000-24435,21917266,8.01,XBRL,141799,1,1,,d540617d8k.htm,8-K
0001193125-21-112475,2021-04-12,2021-04-11,2021-04-12T12:00:54.000Z,34,8-K,000-24435,21819424,8.01,XBRL,143023,1,1,,d148123d8k.htm,8-K
0001193125-21-105625,2021-04-05,2021-04-05,2021-04-05T12:00:31.000Z,34,8-K,000-24435,21803750,8.01,XBRL,141039,1,1,,d113059d8k.htm,8-K
0001193125-21-078715,2021-03-12,2021-03-12,2021-03-12T13:00:33.000Z,34,8-K,000-24435,21735463,8.01,XBRL,141712,1,1,,d154639d8k.htm,8-K
0001193125-21-070446,2021-03-05,2021-03-05,2021-03-05T13:01:31.000Z,34,8-K,000-24435,21716573,8.01,XBRL,141028,1,1,,d145869d8k.htm,8-K
0001193125-21-062322,2021-03-01,2021-03-01,2021-03-01T12:59:54.000Z,34,8-K,000-24435,21693855,8.01,XBRL,140735,1,1,,d103788d8k.htm,8-K
0001193125-21-048555,2021-02-19,2021-02-19,2021-02-19T15:31:55.000Z,34,8-K,000-24435,21652690,"1.01,2.03,3.02,8.01,9.01",XBRL,937284,1,1,,d130600d8k.htm,8-K
0001193125-21-045792,2021-02-17,2021-02-16,2021-02-17T12:37:00.000Z,34,8-K,000-24435,21642657,"8.01,9.01",XBRL,178232,1,1,,d119477d8k.htm,8-K
0001193125-21-025369,2021-02-02,2021-02-02,2021-02-02T13:41:00.000Z,34,8-K,000-24435,21579146,8.01,XBRL,141067,1,1,,d124926d8k.htm,8-K
0001193125-21-020760,2021-01-28,2021-01-28,2021-01-28T21:06:01.000Z,34,8-K,000-24435,21564995,"2.02,9.01",XBRL,441340,1,1,,d92691d8k.htm,8-K
0001193125-21-014227,2021-01-22,2021-01-22,2021-01-22T13:37:54.000Z,34,8-K,000-24435,21543800,8.01,XBRL,141056,1,1,,d113711d8k.htm,8-K
0001193125-20-315971,2020-12-11,2020-12-11,2020-12-11T21:57:31.000Z,34,8-K,000-24435,201384115,"1.01,2.03,3.02,8.01,9.01",XBRL,958539,1,1,,d225117d8k.htm,8-K
0001193125-20-313349,2020-12-09,2020-12-07,2020-12-09T12:34:01.000Z,34,8-K,000-24435,201376887,"8.01,9.01",XBRL,179185,1,1,,d55072d8k.htm,8-K
0001193125-20-310787,2020-12-04,2020-12-04,2020-12-04T22:26:54.000Z,34,8-K,000-24435,201370751,8.01,XBRL,141430,1,1,,d22733d8k.htm,8-K
0001193125-20-245835,2020-09-15,2020-09-14,2020-09-15T12:25:31.000Z,34,8-K,000-24435,201174760,8.01,XBRL,141218,1,1,,d42524d8k.htm,8-K
0001193125-20-244732,2020-09-14,2020-09-11,2020-09-14T12:05:02.000Z,34,8-K,000-24435,201172328,8.01,XBRL,141364,1,1,,d937119d8k.htm,8-K
0001193125-20-215604,2020-08-11,2020-08-11,2020-08-11T11:12:54.000Z,34,8-K,000-24435,201091040,"8.01,9.01",XBRL,185095,1,1,,d921849d8k.htm,8-K
0001193125-20-187416,2020-07-06,2020-07-03,2020-07-06T13:01:02.000Z,34,8-K,000-24435,201012282,5.02,XBRL,145327,1,1,,d20923d8k.htm,8-K
0001193125-20-158478,2020-06-02,2020-05-27,2020-06-02T20:13:03.000Z,34,8-K,000-24435,20937102,5.07,XBRL,168407,1,1,,d909158d8k.htm,8-K
0001193125-20-016957,2020-01-28,2020-01-28,2020-01-28T21:16:40.000Z,34,8-K,000-24435,20554419,"2.02,9.01",XBRL,428842,1,1,,d878605d8k.htm,8-K
0001193125-19-295687,2019-11-19,2019-11-18,2019-11-19T22:16:04.000Z,34,8-K,000-24435,191232143,5.02,XBRL,143472,1,1,,d10677d8k.htm,8-K
0001193125-19-280519,2019-10-31,2019-10-29,2019-10-31T20:39:10.000Z,34,8-K,000-24435,191184125,"2.02,9.01",XBRL,217251,1,1,,d828170d8k.htm,8-K
0001193125-19-277996,2019-10-29,2019-10-29,2019-10-30T00:11:27.000Z,34,8-K,000-24435,191177043,"5.02,9.01",XBRL,153746,1,1,,d826279d8k.htm,8-K
0001193125-19-190145,2019-07-08,2019-07-01,2019-07-08T12:45:56.000Z,34,8-K,000-24435,19944272,5.02,8-K,18530,0,0,,d774093d8k.htm,8-K
0001193125-19-175320,2019-06-18,2019-06-18,2019-06-18T12:30:32.000Z,34,8-K,000-24435,19902701,"8.01,9.01",8-K,63694,0,0,,d724928d8k.htm,8-K
0001193125-19-165047,2019-06-04,2019-05-29,2019-06-04T20:12:55.000Z,34,8-K,000-24435,19876732,5.07,8-K,26105,0,0,,d620427d8k.htm,FORM 8-K
0001193125-19-083643,2019-03-22,2019-03-18,2019-03-22T20:51:03.000Z,34,8-K,000-24435,19700444,"5.02,9.01",8-K,77636,0,0,,d695099d8k.htm,FORM 8-K
0001193125-19-020834,2019-01-29,2019-01-29,2019-01-29T21:18:05.000Z,34,8-K,000-24435,19548904,"2.02,9.01",8-K,236686,0,0,,d635078d8k.htm,8-K
0001193125-18-214272,2018-07-09,2018-07-02,2018-07-09T12:45:34.000Z,34,8-K,000-24435,18943470,5.02,8-K,15258,0,0,,d709069d8k.htm,8-K
0001193125-18-207608,2018-06-28,2018-06-22,2018-06-28T20:09:25.000Z,34,8-K,000-24435,18925452,5.02,8-K,16387,0,0,,d852449d8k.htm,8-K
0001193125-18-184481,2018-06-05,2018-05-30,2018-06-05T20:21:05.000Z,34,8-K,000-24435,18881386,5.07,8-K,26039,0,0,,d597038d8k.htm,8-K
0001193125-18-106890,2018-04-04,2018-03-29,2018-04-04T12:47:02.000Z,34,8-K,000-24435,18735933,5.02,8-K,21906,0,0,,d512506d8k.htm,FORM 8-K
0001193125-18-082301,2018-03-14,2018-03-09,2018-03-14T20:06:04.000Z,34,8-K,000-24435,18689511,5.02,8-K,15252,0,0,,d548182d8k.htm,FORM 8-K
